-- MySQL dump 10.13  Distrib 5.6.21, for osx10.9 (x86_64)
--
-- Host: 178.62.106.14    Database: redmine
-- ------------------------------------------------------
-- Server version	5.5.40-0ubuntu0.14.04.1

/*!40101 SET @OLD_CHARACTER_SET_CLIENT=@@CHARACTER_SET_CLIENT */;
/*!40101 SET @OLD_CHARACTER_SET_RESULTS=@@CHARACTER_SET_RESULTS */;
/*!40101 SET @OLD_COLLATION_CONNECTION=@@COLLATION_CONNECTION */;
/*!40101 SET NAMES utf8 */;
/*!40103 SET @OLD_TIME_ZONE=@@TIME_ZONE */;
/*!40103 SET TIME_ZONE='+00:00' */;
/*!40014 SET @OLD_UNIQUE_CHECKS=@@UNIQUE_CHECKS, UNIQUE_CHECKS=0 */;
/*!40014 SET @OLD_FOREIGN_KEY_CHECKS=@@FOREIGN_KEY_CHECKS, FOREIGN_KEY_CHECKS=0 */;
/*!40101 SET @OLD_SQL_MODE=@@SQL_MODE, SQL_MODE='NO_AUTO_VALUE_ON_ZERO' */;
/*!40111 SET @OLD_SQL_NOTES=@@SQL_NOTES, SQL_NOTES=0 */;

--
-- Table structure for table `attachments`
--

DROP TABLE IF EXISTS `attachments`;
/*!40101 SET @saved_cs_client     = @@character_set_client */;
/*!40101 SET character_set_client = utf8 */;
CREATE TABLE `attachments` (
  `id` int(11) NOT NULL AUTO_INCREMENT,
  `container_id` int(11) DEFAULT NULL,
  `container_type` varchar(30) DEFAULT NULL,
  `filename` varchar(255) NOT NULL DEFAULT '',
  `disk_filename` varchar(255) NOT NULL DEFAULT '',
  `filesize` int(11) NOT NULL DEFAULT '0',
  `content_type` varchar(255) DEFAULT '',
  `digest` varchar(40) NOT NULL DEFAULT '',
  `downloads` int(11) NOT NULL DEFAULT '0',
  `author_id` int(11) NOT NULL DEFAULT '0',
  `created_on` datetime DEFAULT NULL,
  `description` varchar(255) DEFAULT NULL,
  `disk_directory` varchar(255) DEFAULT NULL,
  PRIMARY KEY (`id`),
  KEY `index_attachments_on_author_id` (`author_id`),
  KEY `index_attachments_on_created_on` (`created_on`),
  KEY `index_attachments_on_container_id_and_container_type` (`container_id`,`container_type`)
) ENGINE=InnoDB AUTO_INCREMENT=12 DEFAULT CHARSET=utf8;
/*!40101 SET character_set_client = @saved_cs_client */;

--
-- Dumping data for table `attachments`
--

LOCK TABLES `attachments` WRITE;
/*!40000 ALTER TABLE `attachments` DISABLE KEYS */;
INSERT INTO `attachments` VALUES (1,4,'Project','Architecture.graffle','150613143228_Architecture.graffle',4169,'','4ee09dbe06e252a29d3293b83f06fc62',0,1,'2015-06-13 14:32:28','','2015/06'),(2,4,'Project','Architecture.pdf','150613143228_Architecture.pdf',34726,'','0494a6a45b2a8767f5a32073ce18c31c',0,1,'2015-06-13 14:32:28','','2015/06'),(3,4,'Project','Architecture-Technologies.pdf','150613143229_Architecture-Technologies.pdf',31987,'','97851d89b8f679a05d968fb656b376a8',0,1,'2015-06-13 14:32:29','','2015/06'),(4,1,'Document','Architecture.pdf','150613150800_Architecture.pdf',34726,'','0494a6a45b2a8767f5a32073ce18c31c',0,1,'2015-06-13 15:08:00','','2015/06'),(5,1,'Document','Architecture-Technologies.pdf','150613150801_Architecture-Technologies.pdf',31987,'','97851d89b8f679a05d968fb656b376a8',0,1,'2015-06-13 15:08:01','','2015/06'),(6,NULL,NULL,'image(1).png','150704094241_a383b4403d0f6c547b85b35b38911fdf.png',143360,'','86b7124e66b1c413d0fa98888a95e834',0,6,'2015-07-04 09:42:41',NULL,'2015/07'),(7,NULL,NULL,'image.png','150704094243_image.png',147456,'','958b2e9d457a8e263b1f363eca10c880',0,6,'2015-07-04 09:42:43',NULL,'2015/07'),(10,13,'Issue','image.png','150704103826_image.png',147456,'','958b2e9d457a8e263b1f363eca10c880',0,6,'2015-07-04 10:38:26','One Nations Empire home screen','2015/07'),(11,13,'Issue','image(1).png','150704103834_a383b4403d0f6c547b85b35b38911fdf.png',143360,'','86b7124e66b1c413d0fa98888a95e834',0,6,'2015-07-04 10:38:34','Websites home screen','2015/07');
/*!40000 ALTER TABLE `attachments` ENABLE KEYS */;
UNLOCK TABLES;

--
-- Table structure for table `auth_sources`
--

DROP TABLE IF EXISTS `auth_sources`;
/*!40101 SET @saved_cs_client     = @@character_set_client */;
/*!40101 SET character_set_client = utf8 */;
CREATE TABLE `auth_sources` (
  `id` int(11) NOT NULL AUTO_INCREMENT,
  `type` varchar(30) NOT NULL DEFAULT '',
  `name` varchar(60) NOT NULL DEFAULT '',
  `host` varchar(60) DEFAULT NULL,
  `port` int(11) DEFAULT NULL,
  `account` varchar(255) DEFAULT NULL,
  `account_password` varchar(255) DEFAULT '',
  `base_dn` varchar(255) DEFAULT NULL,
  `attr_login` varchar(30) DEFAULT NULL,
  `attr_firstname` varchar(30) DEFAULT NULL,
  `attr_lastname` varchar(30) DEFAULT NULL,
  `attr_mail` varchar(30) DEFAULT NULL,
  `onthefly_register` tinyint(1) NOT NULL DEFAULT '0',
  `tls` tinyint(1) NOT NULL DEFAULT '0',
  `filter` varchar(255) DEFAULT NULL,
  `timeout` int(11) DEFAULT NULL,
  PRIMARY KEY (`id`),
  KEY `index_auth_sources_on_id_and_type` (`id`,`type`)
) ENGINE=InnoDB DEFAULT CHARSET=utf8;
/*!40101 SET character_set_client = @saved_cs_client */;

--
-- Dumping data for table `auth_sources`
--

LOCK TABLES `auth_sources` WRITE;
/*!40000 ALTER TABLE `auth_sources` DISABLE KEYS */;
/*!40000 ALTER TABLE `auth_sources` ENABLE KEYS */;
UNLOCK TABLES;

--
-- Table structure for table `boards`
--

DROP TABLE IF EXISTS `boards`;
/*!40101 SET @saved_cs_client     = @@character_set_client */;
/*!40101 SET character_set_client = utf8 */;
CREATE TABLE `boards` (
  `id` int(11) NOT NULL AUTO_INCREMENT,
  `project_id` int(11) NOT NULL,
  `name` varchar(255) NOT NULL DEFAULT '',
  `description` varchar(255) DEFAULT NULL,
  `position` int(11) DEFAULT '1',
  `topics_count` int(11) NOT NULL DEFAULT '0',
  `messages_count` int(11) NOT NULL DEFAULT '0',
  `last_message_id` int(11) DEFAULT NULL,
  `parent_id` int(11) DEFAULT NULL,
  PRIMARY KEY (`id`),
  KEY `boards_project_id` (`project_id`),
  KEY `index_boards_on_last_message_id` (`last_message_id`)
) ENGINE=InnoDB DEFAULT CHARSET=utf8;
/*!40101 SET character_set_client = @saved_cs_client */;

--
-- Dumping data for table `boards`
--

LOCK TABLES `boards` WRITE;
/*!40000 ALTER TABLE `boards` DISABLE KEYS */;
/*!40000 ALTER TABLE `boards` ENABLE KEYS */;
UNLOCK TABLES;

--
-- Table structure for table `changes`
--

DROP TABLE IF EXISTS `changes`;
/*!40101 SET @saved_cs_client     = @@character_set_client */;
/*!40101 SET character_set_client = utf8 */;
CREATE TABLE `changes` (
  `id` int(11) NOT NULL AUTO_INCREMENT,
  `changeset_id` int(11) NOT NULL,
  `action` varchar(1) NOT NULL DEFAULT '',
  `path` mediumtext NOT NULL,
  `from_path` mediumtext,
  `from_revision` varchar(255) DEFAULT NULL,
  `revision` varchar(255) DEFAULT NULL,
  `branch` varchar(255) DEFAULT NULL,
  PRIMARY KEY (`id`),
  KEY `changesets_changeset_id` (`changeset_id`)
) ENGINE=InnoDB DEFAULT CHARSET=utf8;
/*!40101 SET character_set_client = @saved_cs_client */;

--
-- Dumping data for table `changes`
--

LOCK TABLES `changes` WRITE;
/*!40000 ALTER TABLE `changes` DISABLE KEYS */;
/*!40000 ALTER TABLE `changes` ENABLE KEYS */;
UNLOCK TABLES;

--
-- Table structure for table `changeset_parents`
--

DROP TABLE IF EXISTS `changeset_parents`;
/*!40101 SET @saved_cs_client     = @@character_set_client */;
/*!40101 SET character_set_client = utf8 */;
CREATE TABLE `changeset_parents` (
  `changeset_id` int(11) NOT NULL,
  `parent_id` int(11) NOT NULL,
  KEY `changeset_parents_changeset_ids` (`changeset_id`),
  KEY `changeset_parents_parent_ids` (`parent_id`)
) ENGINE=InnoDB DEFAULT CHARSET=utf8;
/*!40101 SET character_set_client = @saved_cs_client */;

--
-- Dumping data for table `changeset_parents`
--

LOCK TABLES `changeset_parents` WRITE;
/*!40000 ALTER TABLE `changeset_parents` DISABLE KEYS */;
/*!40000 ALTER TABLE `changeset_parents` ENABLE KEYS */;
UNLOCK TABLES;

--
-- Table structure for table `changesets`
--

DROP TABLE IF EXISTS `changesets`;
/*!40101 SET @saved_cs_client     = @@character_set_client */;
/*!40101 SET character_set_client = utf8 */;
CREATE TABLE `changesets` (
  `id` int(11) NOT NULL AUTO_INCREMENT,
  `repository_id` int(11) NOT NULL,
  `revision` varchar(255) NOT NULL,
  `committer` varchar(255) DEFAULT NULL,
  `committed_on` datetime NOT NULL,
  `comments` longtext,
  `commit_date` date DEFAULT NULL,
  `scmid` varchar(255) DEFAULT NULL,
  `user_id` int(11) DEFAULT NULL,
  PRIMARY KEY (`id`),
  UNIQUE KEY `changesets_repos_rev` (`repository_id`,`revision`),
  KEY `index_changesets_on_user_id` (`user_id`),
  KEY `index_changesets_on_repository_id` (`repository_id`),
  KEY `index_changesets_on_committed_on` (`committed_on`),
  KEY `changesets_repos_scmid` (`repository_id`,`scmid`)
) ENGINE=InnoDB DEFAULT CHARSET=utf8;
/*!40101 SET character_set_client = @saved_cs_client */;

--
-- Dumping data for table `changesets`
--

LOCK TABLES `changesets` WRITE;
/*!40000 ALTER TABLE `changesets` DISABLE KEYS */;
/*!40000 ALTER TABLE `changesets` ENABLE KEYS */;
UNLOCK TABLES;

--
-- Table structure for table `changesets_issues`
--

DROP TABLE IF EXISTS `changesets_issues`;
/*!40101 SET @saved_cs_client     = @@character_set_client */;
/*!40101 SET character_set_client = utf8 */;
CREATE TABLE `changesets_issues` (
  `changeset_id` int(11) NOT NULL,
  `issue_id` int(11) NOT NULL,
  UNIQUE KEY `changesets_issues_ids` (`changeset_id`,`issue_id`)
) ENGINE=InnoDB DEFAULT CHARSET=utf8;
/*!40101 SET character_set_client = @saved_cs_client */;

--
-- Dumping data for table `changesets_issues`
--

LOCK TABLES `changesets_issues` WRITE;
/*!40000 ALTER TABLE `changesets_issues` DISABLE KEYS */;
/*!40000 ALTER TABLE `changesets_issues` ENABLE KEYS */;
UNLOCK TABLES;

--
-- Table structure for table `comments`
--

DROP TABLE IF EXISTS `comments`;
/*!40101 SET @saved_cs_client     = @@character_set_client */;
/*!40101 SET character_set_client = utf8 */;
CREATE TABLE `comments` (
  `id` int(11) NOT NULL AUTO_INCREMENT,
  `commented_type` varchar(30) NOT NULL DEFAULT '',
  `commented_id` int(11) NOT NULL DEFAULT '0',
  `author_id` int(11) NOT NULL DEFAULT '0',
  `comments` mediumtext,
  `created_on` datetime NOT NULL,
  `updated_on` datetime NOT NULL,
  PRIMARY KEY (`id`),
  KEY `index_comments_on_commented_id_and_commented_type` (`commented_id`,`commented_type`),
  KEY `index_comments_on_author_id` (`author_id`)
) ENGINE=InnoDB DEFAULT CHARSET=utf8;
/*!40101 SET character_set_client = @saved_cs_client */;

--
-- Dumping data for table `comments`
--

LOCK TABLES `comments` WRITE;
/*!40000 ALTER TABLE `comments` DISABLE KEYS */;
/*!40000 ALTER TABLE `comments` ENABLE KEYS */;
UNLOCK TABLES;

--
-- Table structure for table `custom_fields`
--

DROP TABLE IF EXISTS `custom_fields`;
/*!40101 SET @saved_cs_client     = @@character_set_client */;
/*!40101 SET character_set_client = utf8 */;
CREATE TABLE `custom_fields` (
  `id` int(11) NOT NULL AUTO_INCREMENT,
  `type` varchar(30) NOT NULL DEFAULT '',
  `name` varchar(30) NOT NULL DEFAULT '',
  `field_format` varchar(30) NOT NULL DEFAULT '',
  `possible_values` mediumtext,
  `regexp` varchar(255) DEFAULT '',
  `min_length` int(11) DEFAULT NULL,
  `max_length` int(11) DEFAULT NULL,
  `is_required` tinyint(1) NOT NULL DEFAULT '0',
  `is_for_all` tinyint(1) NOT NULL DEFAULT '0',
  `is_filter` tinyint(1) NOT NULL DEFAULT '0',
  `position` int(11) DEFAULT '1',
  `searchable` tinyint(1) DEFAULT '0',
  `default_value` mediumtext,
  `editable` tinyint(1) DEFAULT '1',
  `visible` tinyint(1) NOT NULL DEFAULT '1',
  `multiple` tinyint(1) DEFAULT '0',
  `format_store` mediumtext,
  `description` mediumtext,
  PRIMARY KEY (`id`),
  KEY `index_custom_fields_on_id_and_type` (`id`,`type`)
) ENGINE=InnoDB DEFAULT CHARSET=utf8;
/*!40101 SET character_set_client = @saved_cs_client */;

--
-- Dumping data for table `custom_fields`
--

LOCK TABLES `custom_fields` WRITE;
/*!40000 ALTER TABLE `custom_fields` DISABLE KEYS */;
/*!40000 ALTER TABLE `custom_fields` ENABLE KEYS */;
UNLOCK TABLES;

--
-- Table structure for table `custom_fields_projects`
--

DROP TABLE IF EXISTS `custom_fields_projects`;
/*!40101 SET @saved_cs_client     = @@character_set_client */;
/*!40101 SET character_set_client = utf8 */;
CREATE TABLE `custom_fields_projects` (
  `custom_field_id` int(11) NOT NULL DEFAULT '0',
  `project_id` int(11) NOT NULL DEFAULT '0',
  UNIQUE KEY `index_custom_fields_projects_on_custom_field_id_and_project_id` (`custom_field_id`,`project_id`)
) ENGINE=InnoDB DEFAULT CHARSET=utf8;
/*!40101 SET character_set_client = @saved_cs_client */;

--
-- Dumping data for table `custom_fields_projects`
--

LOCK TABLES `custom_fields_projects` WRITE;
/*!40000 ALTER TABLE `custom_fields_projects` DISABLE KEYS */;
/*!40000 ALTER TABLE `custom_fields_projects` ENABLE KEYS */;
UNLOCK TABLES;

--
-- Table structure for table `custom_fields_roles`
--

DROP TABLE IF EXISTS `custom_fields_roles`;
/*!40101 SET @saved_cs_client     = @@character_set_client */;
/*!40101 SET character_set_client = utf8 */;
CREATE TABLE `custom_fields_roles` (
  `custom_field_id` int(11) NOT NULL,
  `role_id` int(11) NOT NULL,
  UNIQUE KEY `custom_fields_roles_ids` (`custom_field_id`,`role_id`)
) ENGINE=InnoDB DEFAULT CHARSET=utf8;
/*!40101 SET character_set_client = @saved_cs_client */;

--
-- Dumping data for table `custom_fields_roles`
--

LOCK TABLES `custom_fields_roles` WRITE;
/*!40000 ALTER TABLE `custom_fields_roles` DISABLE KEYS */;
/*!40000 ALTER TABLE `custom_fields_roles` ENABLE KEYS */;
UNLOCK TABLES;

--
-- Table structure for table `custom_fields_trackers`
--

DROP TABLE IF EXISTS `custom_fields_trackers`;
/*!40101 SET @saved_cs_client     = @@character_set_client */;
/*!40101 SET character_set_client = utf8 */;
CREATE TABLE `custom_fields_trackers` (
  `custom_field_id` int(11) NOT NULL DEFAULT '0',
  `tracker_id` int(11) NOT NULL DEFAULT '0',
  UNIQUE KEY `index_custom_fields_trackers_on_custom_field_id_and_tracker_id` (`custom_field_id`,`tracker_id`)
) ENGINE=InnoDB DEFAULT CHARSET=utf8;
/*!40101 SET character_set_client = @saved_cs_client */;

--
-- Dumping data for table `custom_fields_trackers`
--

LOCK TABLES `custom_fields_trackers` WRITE;
/*!40000 ALTER TABLE `custom_fields_trackers` DISABLE KEYS */;
/*!40000 ALTER TABLE `custom_fields_trackers` ENABLE KEYS */;
UNLOCK TABLES;

--
-- Table structure for table `custom_values`
--

DROP TABLE IF EXISTS `custom_values`;
/*!40101 SET @saved_cs_client     = @@character_set_client */;
/*!40101 SET character_set_client = utf8 */;
CREATE TABLE `custom_values` (
  `id` int(11) NOT NULL AUTO_INCREMENT,
  `customized_type` varchar(30) NOT NULL DEFAULT '',
  `customized_id` int(11) NOT NULL DEFAULT '0',
  `custom_field_id` int(11) NOT NULL DEFAULT '0',
  `value` mediumtext,
  PRIMARY KEY (`id`),
  KEY `custom_values_customized` (`customized_type`,`customized_id`),
  KEY `index_custom_values_on_custom_field_id` (`custom_field_id`)
) ENGINE=InnoDB DEFAULT CHARSET=utf8;
/*!40101 SET character_set_client = @saved_cs_client */;

--
-- Dumping data for table `custom_values`
--

LOCK TABLES `custom_values` WRITE;
/*!40000 ALTER TABLE `custom_values` DISABLE KEYS */;
/*!40000 ALTER TABLE `custom_values` ENABLE KEYS */;
UNLOCK TABLES;

--
-- Table structure for table `documents`
--

DROP TABLE IF EXISTS `documents`;
/*!40101 SET @saved_cs_client     = @@character_set_client */;
/*!40101 SET character_set_client = utf8 */;
CREATE TABLE `documents` (
  `id` int(11) NOT NULL AUTO_INCREMENT,
  `project_id` int(11) NOT NULL DEFAULT '0',
  `category_id` int(11) NOT NULL DEFAULT '0',
  `title` varchar(60) NOT NULL DEFAULT '',
  `description` mediumtext,
  `created_on` datetime DEFAULT NULL,
  PRIMARY KEY (`id`),
  KEY `documents_project_id` (`project_id`),
  KEY `index_documents_on_category_id` (`category_id`),
  KEY `index_documents_on_created_on` (`created_on`)
) ENGINE=InnoDB AUTO_INCREMENT=2 DEFAULT CHARSET=utf8;
/*!40101 SET character_set_client = @saved_cs_client */;

--
-- Dumping data for table `documents`
--

LOCK TABLES `documents` WRITE;
/*!40000 ALTER TABLE `documents` DISABLE KEYS */;
INSERT INTO `documents` VALUES (1,4,7,'Architecture','','2015-06-13 15:08:08');
/*!40000 ALTER TABLE `documents` ENABLE KEYS */;
UNLOCK TABLES;

--
-- Table structure for table `enabled_modules`
--

DROP TABLE IF EXISTS `enabled_modules`;
/*!40101 SET @saved_cs_client     = @@character_set_client */;
/*!40101 SET character_set_client = utf8 */;
CREATE TABLE `enabled_modules` (
  `id` int(11) NOT NULL AUTO_INCREMENT,
  `project_id` int(11) DEFAULT NULL,
  `name` varchar(255) NOT NULL,
  PRIMARY KEY (`id`),
  KEY `enabled_modules_project_id` (`project_id`)
) ENGINE=InnoDB AUTO_INCREMENT=41 DEFAULT CHARSET=utf8;
/*!40101 SET character_set_client = @saved_cs_client */;

--
-- Dumping data for table `enabled_modules`
--

LOCK TABLES `enabled_modules` WRITE;
/*!40000 ALTER TABLE `enabled_modules` DISABLE KEYS */;
INSERT INTO `enabled_modules` VALUES (1,1,'issue_tracking'),(2,1,'time_tracking'),(3,1,'news'),(4,1,'documents'),(5,1,'files'),(6,1,'wiki'),(7,1,'repository'),(8,1,'boards'),(9,1,'calendar'),(10,1,'gantt'),(11,2,'issue_tracking'),(12,2,'time_tracking'),(13,2,'news'),(14,2,'documents'),(15,2,'files'),(16,2,'wiki'),(17,2,'repository'),(18,2,'boards'),(19,2,'calendar'),(20,2,'gantt'),(21,3,'issue_tracking'),(22,3,'time_tracking'),(23,3,'news'),(24,3,'documents'),(25,3,'files'),(26,3,'wiki'),(27,3,'repository'),(28,3,'boards'),(29,3,'calendar'),(30,3,'gantt'),(31,4,'issue_tracking'),(32,4,'time_tracking'),(33,4,'news'),(34,4,'documents'),(35,4,'files'),(36,4,'wiki'),(37,4,'repository'),(38,4,'boards'),(39,4,'calendar'),(40,4,'gantt');
/*!40000 ALTER TABLE `enabled_modules` ENABLE KEYS */;
UNLOCK TABLES;

--
-- Table structure for table `enumerations`
--

DROP TABLE IF EXISTS `enumerations`;
/*!40101 SET @saved_cs_client     = @@character_set_client */;
/*!40101 SET character_set_client = utf8 */;
CREATE TABLE `enumerations` (
  `id` int(11) NOT NULL AUTO_INCREMENT,
  `name` varchar(30) NOT NULL DEFAULT '',
  `position` int(11) DEFAULT '1',
  `is_default` tinyint(1) NOT NULL DEFAULT '0',
  `type` varchar(255) DEFAULT NULL,
  `active` tinyint(1) NOT NULL DEFAULT '1',
  `project_id` int(11) DEFAULT NULL,
  `parent_id` int(11) DEFAULT NULL,
  `position_name` varchar(30) DEFAULT NULL,
  PRIMARY KEY (`id`),
  KEY `index_enumerations_on_project_id` (`project_id`),
  KEY `index_enumerations_on_id_and_type` (`id`,`type`)
) ENGINE=InnoDB AUTO_INCREMENT=12 DEFAULT CHARSET=utf8;
/*!40101 SET character_set_client = @saved_cs_client */;

--
-- Dumping data for table `enumerations`
--

LOCK TABLES `enumerations` WRITE;
/*!40000 ALTER TABLE `enumerations` DISABLE KEYS */;
INSERT INTO `enumerations` VALUES (1,'Low',1,0,'IssuePriority',1,NULL,NULL,'lowest'),(2,'Normal',2,1,'IssuePriority',1,NULL,NULL,'default'),(3,'High',3,0,'IssuePriority',1,NULL,NULL,'high3'),(4,'Urgent',4,0,'IssuePriority',1,NULL,NULL,'high2'),(5,'Immediate',5,0,'IssuePriority',1,NULL,NULL,'highest'),(6,'User documentation',1,0,'DocumentCategory',1,NULL,NULL,NULL),(7,'Technical documentation',2,0,'DocumentCategory',1,NULL,NULL,NULL),(8,'Design',1,0,'TimeEntryActivity',1,NULL,NULL,NULL),(9,'Development',2,0,'TimeEntryActivity',1,NULL,NULL,NULL),(10,'Marketing',3,0,'TimeEntryActivity',1,NULL,NULL,NULL),(11,'Testing',4,0,'TimeEntryActivity',1,NULL,NULL,NULL);
/*!40000 ALTER TABLE `enumerations` ENABLE KEYS */;
UNLOCK TABLES;

--
-- Table structure for table `groups_users`
--

DROP TABLE IF EXISTS `groups_users`;
/*!40101 SET @saved_cs_client     = @@character_set_client */;
/*!40101 SET character_set_client = utf8 */;
CREATE TABLE `groups_users` (
  `group_id` int(11) NOT NULL,
  `user_id` int(11) NOT NULL,
  UNIQUE KEY `groups_users_ids` (`group_id`,`user_id`)
) ENGINE=InnoDB DEFAULT CHARSET=utf8;
/*!40101 SET character_set_client = @saved_cs_client */;

--
-- Dumping data for table `groups_users`
--

LOCK TABLES `groups_users` WRITE;
/*!40000 ALTER TABLE `groups_users` DISABLE KEYS */;
INSERT INTO `groups_users` VALUES (4,7),(4,8),(4,9),(4,10),(4,11),(4,12),(5,6);
/*!40000 ALTER TABLE `groups_users` ENABLE KEYS */;
UNLOCK TABLES;

--
-- Table structure for table `issue_categories`
--

DROP TABLE IF EXISTS `issue_categories`;
/*!40101 SET @saved_cs_client     = @@character_set_client */;
/*!40101 SET character_set_client = utf8 */;
CREATE TABLE `issue_categories` (
  `id` int(11) NOT NULL AUTO_INCREMENT,
  `project_id` int(11) NOT NULL DEFAULT '0',
  `name` varchar(30) NOT NULL DEFAULT '',
  `assigned_to_id` int(11) DEFAULT NULL,
  PRIMARY KEY (`id`),
  KEY `issue_categories_project_id` (`project_id`),
  KEY `index_issue_categories_on_assigned_to_id` (`assigned_to_id`)
) ENGINE=InnoDB DEFAULT CHARSET=utf8;
/*!40101 SET character_set_client = @saved_cs_client */;

--
-- Dumping data for table `issue_categories`
--

LOCK TABLES `issue_categories` WRITE;
/*!40000 ALTER TABLE `issue_categories` DISABLE KEYS */;
/*!40000 ALTER TABLE `issue_categories` ENABLE KEYS */;
UNLOCK TABLES;

--
-- Table structure for table `issue_relations`
--

DROP TABLE IF EXISTS `issue_relations`;
/*!40101 SET @saved_cs_client     = @@character_set_client */;
/*!40101 SET character_set_client = utf8 */;
CREATE TABLE `issue_relations` (
  `id` int(11) NOT NULL AUTO_INCREMENT,
  `issue_from_id` int(11) NOT NULL,
  `issue_to_id` int(11) NOT NULL,
  `relation_type` varchar(255) NOT NULL DEFAULT '',
  `delay` int(11) DEFAULT NULL,
  PRIMARY KEY (`id`),
  UNIQUE KEY `index_issue_relations_on_issue_from_id_and_issue_to_id` (`issue_from_id`,`issue_to_id`),
  KEY `index_issue_relations_on_issue_from_id` (`issue_from_id`),
  KEY `index_issue_relations_on_issue_to_id` (`issue_to_id`)
) ENGINE=InnoDB DEFAULT CHARSET=utf8;
/*!40101 SET character_set_client = @saved_cs_client */;

--
-- Dumping data for table `issue_relations`
--

LOCK TABLES `issue_relations` WRITE;
/*!40000 ALTER TABLE `issue_relations` DISABLE KEYS */;
/*!40000 ALTER TABLE `issue_relations` ENABLE KEYS */;
UNLOCK TABLES;

--
-- Table structure for table `issue_statuses`
--

DROP TABLE IF EXISTS `issue_statuses`;
/*!40101 SET @saved_cs_client     = @@character_set_client */;
/*!40101 SET character_set_client = utf8 */;
CREATE TABLE `issue_statuses` (
  `id` int(11) NOT NULL AUTO_INCREMENT,
  `name` varchar(30) NOT NULL DEFAULT '',
  `is_closed` tinyint(1) NOT NULL DEFAULT '0',
  `is_default` tinyint(1) NOT NULL DEFAULT '0',
  `position` int(11) DEFAULT '1',
  `default_done_ratio` int(11) DEFAULT NULL,
  PRIMARY KEY (`id`),
  KEY `index_issue_statuses_on_position` (`position`),
  KEY `index_issue_statuses_on_is_closed` (`is_closed`),
  KEY `index_issue_statuses_on_is_default` (`is_default`)
) ENGINE=InnoDB AUTO_INCREMENT=7 DEFAULT CHARSET=utf8;
/*!40101 SET character_set_client = @saved_cs_client */;

--
-- Dumping data for table `issue_statuses`
--

LOCK TABLES `issue_statuses` WRITE;
/*!40000 ALTER TABLE `issue_statuses` DISABLE KEYS */;
INSERT INTO `issue_statuses` VALUES (1,'New',0,1,1,NULL),(2,'In Progress',0,0,2,NULL),(3,'Resolved',0,0,3,NULL),(4,'Feedback',0,0,4,NULL),(5,'Closed',1,0,5,NULL),(6,'Rejected',1,0,6,NULL);
/*!40000 ALTER TABLE `issue_statuses` ENABLE KEYS */;
UNLOCK TABLES;

--
-- Table structure for table `issues`
--

DROP TABLE IF EXISTS `issues`;
/*!40101 SET @saved_cs_client     = @@character_set_client */;
/*!40101 SET character_set_client = utf8 */;
CREATE TABLE `issues` (
  `id` int(11) NOT NULL AUTO_INCREMENT,
  `tracker_id` int(11) NOT NULL,
  `project_id` int(11) NOT NULL,
  `subject` varchar(255) NOT NULL DEFAULT '',
  `description` mediumtext,
  `due_date` date DEFAULT NULL,
  `category_id` int(11) DEFAULT NULL,
  `status_id` int(11) NOT NULL,
  `assigned_to_id` int(11) DEFAULT NULL,
  `priority_id` int(11) NOT NULL,
  `fixed_version_id` int(11) DEFAULT NULL,
  `author_id` int(11) NOT NULL,
  `lock_version` int(11) NOT NULL DEFAULT '0',
  `created_on` datetime DEFAULT NULL,
  `updated_on` datetime DEFAULT NULL,
  `start_date` date DEFAULT NULL,
  `done_ratio` int(11) NOT NULL DEFAULT '0',
  `estimated_hours` float DEFAULT NULL,
  `parent_id` int(11) DEFAULT NULL,
  `root_id` int(11) DEFAULT NULL,
  `lft` int(11) DEFAULT NULL,
  `rgt` int(11) DEFAULT NULL,
  `is_private` tinyint(1) NOT NULL DEFAULT '0',
  `closed_on` datetime DEFAULT NULL,
  PRIMARY KEY (`id`),
  KEY `issues_project_id` (`project_id`),
  KEY `index_issues_on_status_id` (`status_id`),
  KEY `index_issues_on_category_id` (`category_id`),
  KEY `index_issues_on_assigned_to_id` (`assigned_to_id`),
  KEY `index_issues_on_fixed_version_id` (`fixed_version_id`),
  KEY `index_issues_on_tracker_id` (`tracker_id`),
  KEY `index_issues_on_priority_id` (`priority_id`),
  KEY `index_issues_on_author_id` (`author_id`),
  KEY `index_issues_on_created_on` (`created_on`),
  KEY `index_issues_on_root_id_and_lft_and_rgt` (`root_id`,`lft`,`rgt`)
) ENGINE=InnoDB AUTO_INCREMENT=14 DEFAULT CHARSET=utf8;
/*!40101 SET character_set_client = @saved_cs_client */;

--
-- Dumping data for table `issues`
--

LOCK TABLES `issues` WRITE;
/*!40000 ALTER TABLE `issues` DISABLE KEYS */;
INSERT INTO `issues` VALUES (1,3,4,'Management','Overall team management.','2015-06-19',NULL,1,NULL,5,NULL,1,1,'2015-06-13 14:34:50','2015-06-13 15:06:10','2015-06-13',0,NULL,NULL,1,1,2,0,NULL),(2,3,4,'Team Coordination & Dynamics','','2015-06-20',NULL,1,NULL,5,NULL,1,0,'2015-06-13 15:07:16','2015-06-13 15:07:16','2015-06-13',0,NULL,NULL,2,1,2,0,NULL),(3,1,2,'Tester 1','This is just a quick test to see how this website handles reports \r\nI am using Lorem Ipsum to generate random text to test how it handles large descriptions  \r\n\r\n\r\nLorem Ipsum is simply dummy text of the printing and typesetting industry. Lorem Ipsum has been the industry\'s standard dummy text ever since the 1500s, when an unknown printer took a galley of type and scrambled it to make a type specimen book. It has survived not only five centuries, but also the leap into electronic typesetting, remaining essentially unchanged. It was popularised in the 1960s with the release of Letraset sheets containing Lorem Ipsum passages, and more recently with desktop publishing software like Aldus PageMaker including versions of Lorem Ipsum.\r\n\r\nIt is a long established fact that a reader will be distracted by the readable content of a page when looking at its layout. The point of using Lorem Ipsum is that it has a more-or-less normal distribution of letters, as opposed to using \'Content here, content here\', making it look like readable English. Many desktop publishing packages and web page editors now use Lorem Ipsum as their default model text, and a search for \'lorem ipsum\' will uncover many web sites still in their infancy. Various versions have evolved over the years, sometimes by accident, sometimes on purpose (injected humour and the like).\r\n \r\n\r\nContrary to popular belief, Lorem Ipsum is not simply random text. It has roots in a piece of classical Latin literature from 45 BC, making it over 2000 years old. Richard McClintock, a Latin professor at Hampden-Sydney College in Virginia, looked up one of the more obscure Latin words, consectetur, from a Lorem Ipsum passage, and going through the cites of the word in classical literature, discovered the undoubtable source. Lorem Ipsum comes from sections 1.10.32 and 1.10.33 of \"de Finibus Bonorum et Malorum\" (The Extremes of Good and Evil) by Cicero, written in 45 BC. This book is a treatise on the theory of ethics, very popular during the Renaissance. The first line of Lorem Ipsum, \"Lorem ipsum dolor sit amet..\", comes from a line in section 1.10.32.\r\n\r\nThe standard chunk of Lorem Ipsum used since the 1500s is reproduced below for those interested. Sections 1.10.32 and 1.10.33 from \"de Finibus Bonorum et Malorum\" by Cicero are also reproduced in their exact original form, accompanied by English versions from the 1914 translation by H. Rackham.\r\n\r\nThere are many variations of passages of Lorem Ipsum available, but the majority have suffered alteration in some form, by injected humour, or randomised words which don\'t look even slightly believable. If you are going to use a passage of Lorem Ipsum, you need to be sure there isn\'t anything embarrassing hidden in the middle of text. All the Lorem Ipsum generators on the Internet tend to repeat predefined chunks as necessary, making this the first true generator on the Internet. It uses a dictionary of over 200 Latin words, combined with a handful of model sentence structures, to generate Lorem Ipsum which looks reasonable. The generated Lorem Ipsum is therefore always free from repetition, injected humour, or non-characteristic words etc.','2015-06-14',NULL,5,6,1,NULL,6,1,'2015-06-13 15:10:49','2015-06-28 13:46:18','2015-06-13',50,1,NULL,3,1,2,0,'2015-06-28 13:46:18'),(5,4,3,'Tester 3','\r\n\r\nThis is just a quick test to see how this website handles reports\r\nI am using Lorem Ipsum to generate random text to test how it handles large descriptions\r\n\r\nLorem Ipsum is simply dummy text of the printing and typesetting industry. Lorem Ipsum has been the industry\'s standard dummy text ever since the 1500s, when an unknown printer took a galley of type and scrambled it to make a type specimen book. It has survived not only five centuries, but also the leap into electronic typesetting, remaining essentially unchanged. It was popularised in the 1960s with the release of Letraset sheets containing Lorem Ipsum passages, and more recently with desktop publishing software like Aldus PageMaker including versions of Lorem Ipsum.\r\n\r\nIt is a long established fact that a reader will be distracted by the readable content of a page when looking at its layout. The point of using Lorem Ipsum is that it has a more-or-less normal distribution of letters, as opposed to using \'Content here, content here\', making it look like readable English. Many desktop publishing packages and web page editors now use Lorem Ipsum as their default model text, and a search for \'lorem ipsum\' will uncover many web sites still in their infancy. Various versions have evolved over the years, sometimes by accident, sometimes on purpose (injected humour and the like).\r\n\r\nContrary to popular belief, Lorem Ipsum is not simply random text. It has roots in a piece of classical Latin literature from 45 BC, making it over 2000 years old. Richard McClintock, a Latin professor at Hampden-Sydney College in Virginia, looked up one of the more obscure Latin words, consectetur, from a Lorem Ipsum passage, and going through the cites of the word in classical literature, discovered the undoubtable source. Lorem Ipsum comes from sections 1.10.32 and 1.10.33 of \"de Finibus Bonorum et Malorum\" (The Extremes of Good and Evil) by Cicero, written in 45 BC. This book is a treatise on the theory of ethics, very popular during the Renaissance. The first line of Lorem Ipsum, \"Lorem ipsum dolor sit amet..\", comes from a line in section 1.10.32.\r\n\r\nThe standard chunk of Lorem Ipsum used since the 1500s is reproduced below for those interested. Sections 1.10.32 and 1.10.33 from \"de Finibus Bonorum et Malorum\" by Cicero are also reproduced in their exact original form, accompanied by English versions from the 1914 translation by H. Rackham.\r\n\r\nThere are many variations of passages of Lorem Ipsum available, but the majority have suffered alteration in some form, by injected humour, or randomised words which don\'t look even slightly believable. If you are going to use a passage of Lorem Ipsum, you need to be sure there isn\'t anything embarrassing hidden in the middle of text. All the Lorem Ipsum generators on the Internet tend to repeat predefined chunks as necessary, making this the first true generator on the Internet. It uses a dictionary of over 200 Latin words, combined with a handful of model sentence structures, to generate Lorem Ipsum which looks reasonable. The generated Lorem Ipsum is therefore always free from repetition, injected humour, or non-characteristic words etc.\r\n','2015-06-14',NULL,1,6,1,NULL,6,1,'2015-06-13 15:14:13','2015-06-28 14:15:41','2015-06-13',100,1,NULL,5,1,2,0,NULL),(6,5,4,'Development Schedule','Draw up development schedule based on feature list.',NULL,NULL,1,6,2,NULL,1,0,'2015-06-22 12:19:44','2015-06-22 12:19:44','2015-06-22',0,NULL,NULL,6,1,2,0,NULL),(7,5,1,'Development Schedule','Draw up a development based on the features list.',NULL,NULL,1,6,2,NULL,1,0,'2015-06-22 12:24:14','2015-06-22 12:24:14','2015-06-22',0,NULL,NULL,7,1,2,0,NULL),(8,5,1,'Put documentation on the project site.','Put all the required documents on the development project site. Speak to Mfundo about which documents these are.',NULL,NULL,1,NULL,2,NULL,1,1,'2015-06-22 12:27:30','2015-06-22 12:27:52','2015-06-22',0,NULL,NULL,8,1,2,0,NULL),(9,5,1,'Define account types in the models class.','Account Types:\r\n- Individuals\r\n- Business\r\n',NULL,NULL,1,1,5,NULL,1,0,'2015-06-28 07:46:30','2015-06-28 07:46:30','2015-06-28',0,NULL,NULL,9,1,2,0,NULL),(10,5,1,'Week 29 June -> 3 July','Testing of posting.\r\n- Posting new ad.\r\n- posting ad with pictures.\r\n- Posting ad with long descriptions.\r\n- User authentication -> making sure your ad is under you.\r\n- Make sure you can login.\r\n- Make sure you only see your ads not other peoples under you account.\r\n- Make sure your ads all appear.','2015-07-03',NULL,2,6,5,NULL,1,0,'2015-06-28 11:12:08','2015-06-28 11:12:08','2015-06-28',0,24,NULL,10,1,2,0,NULL),(13,1,2,'No log in access','The home screen login tab is not working as it diverts us to some login screen but it never logs into anything once all the login detail is filled in. \r\n\r\n\r\nNote: This is just a tutorial and not an actual issue. ',NULL,NULL,1,6,3,NULL,6,0,'2015-07-04 10:40:34','2015-07-04 10:40:34','2015-07-04',0,NULL,NULL,13,1,2,0,NULL);
/*!40000 ALTER TABLE `issues` ENABLE KEYS */;
UNLOCK TABLES;

--
-- Table structure for table `journal_details`
--

DROP TABLE IF EXISTS `journal_details`;
/*!40101 SET @saved_cs_client     = @@character_set_client */;
/*!40101 SET character_set_client = utf8 */;
CREATE TABLE `journal_details` (
  `id` int(11) NOT NULL AUTO_INCREMENT,
  `journal_id` int(11) NOT NULL DEFAULT '0',
  `property` varchar(30) NOT NULL DEFAULT '',
  `prop_key` varchar(30) NOT NULL DEFAULT '',
  `old_value` mediumtext,
  `value` mediumtext,
  PRIMARY KEY (`id`),
  KEY `journal_details_journal_id` (`journal_id`)
) ENGINE=InnoDB AUTO_INCREMENT=5 DEFAULT CHARSET=utf8;
/*!40101 SET character_set_client = @saved_cs_client */;

--
-- Dumping data for table `journal_details`
--

LOCK TABLES `journal_details` WRITE;
/*!40000 ALTER TABLE `journal_details` DISABLE KEYS */;
INSERT INTO `journal_details` VALUES (1,1,'attr','due_date',NULL,'2015-06-19'),(2,2,'attr','tracker_id','1','5'),(3,3,'attr','status_id','1','5'),(4,4,'attr','done_ratio','80','100');
/*!40000 ALTER TABLE `journal_details` ENABLE KEYS */;
UNLOCK TABLES;

--
-- Table structure for table `journals`
--

DROP TABLE IF EXISTS `journals`;
/*!40101 SET @saved_cs_client     = @@character_set_client */;
/*!40101 SET character_set_client = utf8 */;
CREATE TABLE `journals` (
  `id` int(11) NOT NULL AUTO_INCREMENT,
  `journalized_id` int(11) NOT NULL DEFAULT '0',
  `journalized_type` varchar(30) NOT NULL DEFAULT '',
  `user_id` int(11) NOT NULL DEFAULT '0',
  `notes` mediumtext,
  `created_on` datetime NOT NULL,
  `private_notes` tinyint(1) NOT NULL DEFAULT '0',
  PRIMARY KEY (`id`),
  KEY `journals_journalized_id` (`journalized_id`,`journalized_type`),
  KEY `index_journals_on_user_id` (`user_id`),
  KEY `index_journals_on_journalized_id` (`journalized_id`),
  KEY `index_journals_on_created_on` (`created_on`)
) ENGINE=InnoDB AUTO_INCREMENT=5 DEFAULT CHARSET=utf8;
/*!40101 SET character_set_client = @saved_cs_client */;

--
-- Dumping data for table `journals`
--

LOCK TABLES `journals` WRITE;
/*!40000 ALTER TABLE `journals` DISABLE KEYS */;
INSERT INTO `journals` VALUES (1,1,'Issue',1,'','2015-06-13 15:06:11',0),(2,8,'Issue',1,'','2015-06-22 12:27:52',0),(3,3,'Issue',6,'Everything done what i wanted to test.  newer version of the server software was the reason for the crash we had the day after I posted this bug test.','2015-06-28 13:46:18',0),(4,5,'Issue',6,'','2015-06-28 14:15:41',0);
/*!40000 ALTER TABLE `journals` ENABLE KEYS */;
UNLOCK TABLES;

--
-- Table structure for table `member_roles`
--

DROP TABLE IF EXISTS `member_roles`;
/*!40101 SET @saved_cs_client     = @@character_set_client */;
/*!40101 SET character_set_client = utf8 */;
CREATE TABLE `member_roles` (
  `id` int(11) NOT NULL AUTO_INCREMENT,
  `member_id` int(11) NOT NULL,
  `role_id` int(11) NOT NULL,
  `inherited_from` int(11) DEFAULT NULL,
  PRIMARY KEY (`id`),
  KEY `index_member_roles_on_member_id` (`member_id`),
  KEY `index_member_roles_on_role_id` (`role_id`)
) ENGINE=InnoDB AUTO_INCREMENT=121 DEFAULT CHARSET=utf8;
/*!40101 SET character_set_client = @saved_cs_client */;

--
-- Dumping data for table `member_roles`
--

LOCK TABLES `member_roles` WRITE;
/*!40000 ALTER TABLE `member_roles` DISABLE KEYS */;
INSERT INTO `member_roles` VALUES (1,1,3,NULL),(2,1,5,NULL),(3,2,3,NULL),(4,2,4,NULL),(5,2,5,NULL),(6,2,6,NULL),(7,3,3,NULL),(8,3,4,NULL),(9,3,5,NULL),(10,3,6,NULL),(11,4,5,NULL),(12,4,6,NULL),(13,5,5,NULL),(14,5,6,NULL),(15,6,5,NULL),(16,6,6,NULL),(17,7,5,NULL),(18,7,6,NULL),(19,8,5,NULL),(20,8,6,NULL),(21,9,3,NULL),(22,9,5,NULL),(23,9,6,NULL),(24,10,5,NULL),(25,10,6,NULL),(26,11,5,NULL),(27,11,6,NULL),(28,12,5,NULL),(29,12,6,NULL),(30,13,3,NULL),(31,13,5,NULL),(32,13,6,NULL),(33,14,5,NULL),(34,14,6,NULL),(35,15,5,NULL),(36,15,6,NULL),(37,16,5,NULL),(38,16,6,NULL),(39,17,5,NULL),(41,18,5,NULL),(42,18,6,NULL),(43,17,3,NULL),(44,17,6,NULL),(45,19,5,NULL),(46,4,5,45),(47,7,5,45),(48,11,5,45),(49,15,5,45),(50,19,6,NULL),(51,4,6,50),(52,7,6,50),(53,11,6,50),(54,15,6,50),(55,20,5,NULL),(56,5,5,55),(57,8,5,55),(58,12,5,55),(59,16,5,55),(60,20,6,NULL),(61,5,6,60),(62,8,6,60),(63,12,6,60),(64,16,6,60),(65,21,3,NULL),(66,22,3,65),(67,9,3,65),(68,13,3,65),(69,17,3,65),(70,21,5,NULL),(71,22,5,70),(72,9,5,70),(73,13,5,70),(74,17,5,70),(75,21,6,NULL),(76,22,6,75),(77,9,6,75),(78,13,6,75),(79,17,6,75),(80,23,3,NULL),(81,6,3,80),(82,10,3,80),(83,14,3,80),(84,18,3,80),(85,23,5,NULL),(86,6,5,85),(87,10,5,85),(88,14,5,85),(89,18,5,85),(90,23,6,NULL),(91,6,6,90),(92,10,6,90),(93,14,6,90),(94,18,6,90),(95,24,5,45),(96,24,6,50),(97,25,5,55),(98,25,6,60),(99,26,3,80),(100,26,5,85),(101,26,6,90),(102,27,3,65),(103,27,5,70),(104,27,6,75),(105,28,5,45),(106,28,6,50),(107,29,5,55),(108,29,6,60),(109,30,3,80),(110,30,5,85),(111,30,6,90),(112,31,3,65),(113,31,5,70),(114,31,6,75),(115,32,3,NULL),(116,32,4,NULL),(117,33,3,NULL),(118,33,4,NULL),(119,33,5,NULL),(120,33,6,NULL);
/*!40000 ALTER TABLE `member_roles` ENABLE KEYS */;
UNLOCK TABLES;

--
-- Table structure for table `members`
--

DROP TABLE IF EXISTS `members`;
/*!40101 SET @saved_cs_client     = @@character_set_client */;
/*!40101 SET character_set_client = utf8 */;
CREATE TABLE `members` (
  `id` int(11) NOT NULL AUTO_INCREMENT,
  `user_id` int(11) NOT NULL DEFAULT '0',
  `project_id` int(11) NOT NULL DEFAULT '0',
  `created_on` datetime DEFAULT NULL,
  `mail_notification` tinyint(1) NOT NULL DEFAULT '0',
  PRIMARY KEY (`id`),
  UNIQUE KEY `index_members_on_user_id_and_project_id` (`user_id`,`project_id`),
  KEY `index_members_on_user_id` (`user_id`),
  KEY `index_members_on_project_id` (`project_id`)
) ENGINE=InnoDB AUTO_INCREMENT=34 DEFAULT CHARSET=utf8;
/*!40101 SET character_set_client = @saved_cs_client */;

--
-- Dumping data for table `members`
--

LOCK TABLES `members` WRITE;
/*!40000 ALTER TABLE `members` DISABLE KEYS */;
INSERT INTO `members` VALUES (1,6,1,'2015-06-13 14:25:56',0),(2,6,2,'2015-06-13 14:26:01',0),(3,6,3,'2015-06-13 14:26:06',0),(4,7,1,'2015-06-13 14:26:35',0),(5,7,2,'2015-06-13 14:26:39',0),(6,7,3,'2015-06-13 14:26:43',0),(7,8,1,'2015-06-13 14:33:19',0),(8,8,2,'2015-06-13 14:33:24',0),(9,8,4,'2015-06-13 14:33:28',0),(10,8,3,'2015-06-13 14:33:34',0),(11,9,1,'2015-06-13 14:35:32',0),(12,9,2,'2015-06-13 14:35:36',0),(13,9,4,'2015-06-13 14:35:41',0),(14,9,3,'2015-06-13 14:35:44',0),(15,10,1,'2015-06-13 14:53:08',0),(16,10,2,'2015-06-13 14:53:13',0),(17,10,4,'2015-06-13 14:53:16',0),(18,10,3,'2015-06-13 14:53:21',0),(19,4,1,'2015-06-13 15:01:18',0),(20,4,2,'2015-06-13 15:01:23',0),(21,4,4,'2015-06-13 15:01:27',0),(22,7,4,'2015-06-13 15:01:27',0),(23,4,3,'2015-06-13 15:01:31',0),(24,11,1,'2015-06-13 18:05:38',0),(25,11,2,'2015-06-13 18:05:38',0),(26,11,3,'2015-06-13 18:05:38',0),(27,11,4,'2015-06-13 18:05:38',0),(28,12,1,'2015-06-14 01:34:14',0),(29,12,2,'2015-06-14 01:34:14',0),(30,12,3,'2015-06-14 01:34:14',0),(31,12,4,'2015-06-14 01:34:14',0),(32,1,1,'2015-06-14 01:37:13',0),(33,6,4,'2015-06-22 12:11:53',0);
/*!40000 ALTER TABLE `members` ENABLE KEYS */;
UNLOCK TABLES;

--
-- Table structure for table `messages`
--

DROP TABLE IF EXISTS `messages`;
/*!40101 SET @saved_cs_client     = @@character_set_client */;
/*!40101 SET character_set_client = utf8 */;
CREATE TABLE `messages` (
  `id` int(11) NOT NULL AUTO_INCREMENT,
  `board_id` int(11) NOT NULL,
  `parent_id` int(11) DEFAULT NULL,
  `subject` varchar(255) NOT NULL DEFAULT '',
  `content` mediumtext,
  `author_id` int(11) DEFAULT NULL,
  `replies_count` int(11) NOT NULL DEFAULT '0',
  `last_reply_id` int(11) DEFAULT NULL,
  `created_on` datetime NOT NULL,
  `updated_on` datetime NOT NULL,
  `locked` tinyint(1) DEFAULT '0',
  `sticky` int(11) DEFAULT '0',
  PRIMARY KEY (`id`),
  KEY `messages_board_id` (`board_id`),
  KEY `messages_parent_id` (`parent_id`),
  KEY `index_messages_on_last_reply_id` (`last_reply_id`),
  KEY `index_messages_on_author_id` (`author_id`),
  KEY `index_messages_on_created_on` (`created_on`)
) ENGINE=InnoDB DEFAULT CHARSET=utf8;
/*!40101 SET character_set_client = @saved_cs_client */;

--
-- Dumping data for table `messages`
--

LOCK TABLES `messages` WRITE;
/*!40000 ALTER TABLE `messages` DISABLE KEYS */;
/*!40000 ALTER TABLE `messages` ENABLE KEYS */;
UNLOCK TABLES;

--
-- Table structure for table `news`
--

DROP TABLE IF EXISTS `news`;
/*!40101 SET @saved_cs_client     = @@character_set_client */;
/*!40101 SET character_set_client = utf8 */;
CREATE TABLE `news` (
  `id` int(11) NOT NULL AUTO_INCREMENT,
  `project_id` int(11) DEFAULT NULL,
  `title` varchar(60) NOT NULL DEFAULT '',
  `summary` varchar(255) DEFAULT '',
  `description` mediumtext,
  `author_id` int(11) NOT NULL DEFAULT '0',
  `created_on` datetime DEFAULT NULL,
  `comments_count` int(11) NOT NULL DEFAULT '0',
  PRIMARY KEY (`id`),
  KEY `news_project_id` (`project_id`),
  KEY `index_news_on_author_id` (`author_id`),
  KEY `index_news_on_created_on` (`created_on`)
) ENGINE=InnoDB DEFAULT CHARSET=utf8;
/*!40101 SET character_set_client = @saved_cs_client */;

--
-- Dumping data for table `news`
--

LOCK TABLES `news` WRITE;
/*!40000 ALTER TABLE `news` DISABLE KEYS */;
/*!40000 ALTER TABLE `news` ENABLE KEYS */;
UNLOCK TABLES;

--
-- Table structure for table `open_id_authentication_associations`
--

DROP TABLE IF EXISTS `open_id_authentication_associations`;
/*!40101 SET @saved_cs_client     = @@character_set_client */;
/*!40101 SET character_set_client = utf8 */;
CREATE TABLE `open_id_authentication_associations` (
  `id` int(11) NOT NULL AUTO_INCREMENT,
  `issued` int(11) DEFAULT NULL,
  `lifetime` int(11) DEFAULT NULL,
  `handle` varchar(255) DEFAULT NULL,
  `assoc_type` varchar(255) DEFAULT NULL,
  `server_url` blob,
  `secret` blob,
  PRIMARY KEY (`id`)
) ENGINE=InnoDB DEFAULT CHARSET=utf8;
/*!40101 SET character_set_client = @saved_cs_client */;

--
-- Dumping data for table `open_id_authentication_associations`
--

LOCK TABLES `open_id_authentication_associations` WRITE;
/*!40000 ALTER TABLE `open_id_authentication_associations` DISABLE KEYS */;
/*!40000 ALTER TABLE `open_id_authentication_associations` ENABLE KEYS */;
UNLOCK TABLES;

--
-- Table structure for table `open_id_authentication_nonces`
--

DROP TABLE IF EXISTS `open_id_authentication_nonces`;
/*!40101 SET @saved_cs_client     = @@character_set_client */;
/*!40101 SET character_set_client = utf8 */;
CREATE TABLE `open_id_authentication_nonces` (
  `id` int(11) NOT NULL AUTO_INCREMENT,
  `timestamp` int(11) NOT NULL,
  `server_url` varchar(255) DEFAULT NULL,
  `salt` varchar(255) NOT NULL,
  PRIMARY KEY (`id`)
) ENGINE=InnoDB DEFAULT CHARSET=utf8;
/*!40101 SET character_set_client = @saved_cs_client */;

--
-- Dumping data for table `open_id_authentication_nonces`
--

LOCK TABLES `open_id_authentication_nonces` WRITE;
/*!40000 ALTER TABLE `open_id_authentication_nonces` DISABLE KEYS */;
/*!40000 ALTER TABLE `open_id_authentication_nonces` ENABLE KEYS */;
UNLOCK TABLES;

--
-- Table structure for table `projects`
--

DROP TABLE IF EXISTS `projects`;
/*!40101 SET @saved_cs_client     = @@character_set_client */;
/*!40101 SET character_set_client = utf8 */;
CREATE TABLE `projects` (
  `id` int(11) NOT NULL AUTO_INCREMENT,
  `name` varchar(255) NOT NULL DEFAULT '',
  `description` mediumtext,
  `homepage` varchar(255) DEFAULT '',
  `is_public` tinyint(1) NOT NULL DEFAULT '1',
  `parent_id` int(11) DEFAULT NULL,
  `created_on` datetime DEFAULT NULL,
  `updated_on` datetime DEFAULT NULL,
  `identifier` varchar(255) DEFAULT NULL,
  `status` int(11) NOT NULL DEFAULT '1',
  `lft` int(11) DEFAULT NULL,
  `rgt` int(11) DEFAULT NULL,
  `inherit_members` tinyint(1) NOT NULL DEFAULT '0',
  PRIMARY KEY (`id`),
  KEY `index_projects_on_lft` (`lft`),
  KEY `index_projects_on_rgt` (`rgt`)
) ENGINE=InnoDB AUTO_INCREMENT=5 DEFAULT CHARSET=utf8;
/*!40101 SET character_set_client = @saved_cs_client */;

--
-- Dumping data for table `projects`
--

LOCK TABLES `projects` WRITE;
/*!40000 ALTER TABLE `projects` DISABLE KEYS */;
INSERT INTO `projects` VALUES (1,'Back-End','','',0,4,'2015-06-13 12:42:41','2015-06-13 12:42:41','back-end',1,2,3,0),(2,'Front-End','','',0,4,'2015-06-13 12:42:54','2015-06-13 12:42:54','front-end',1,4,5,0),(3,'Redmine Development','','',1,NULL,'2015-06-13 13:04:15','2015-06-13 13:04:15','redmine-development',1,7,8,0),(4,'Overall','General project. ','',0,NULL,'2015-06-13 14:31:33','2015-06-13 14:31:33','overall',1,1,6,0);
/*!40000 ALTER TABLE `projects` ENABLE KEYS */;
UNLOCK TABLES;

--
-- Table structure for table `projects_trackers`
--

DROP TABLE IF EXISTS `projects_trackers`;
/*!40101 SET @saved_cs_client     = @@character_set_client */;
/*!40101 SET character_set_client = utf8 */;
CREATE TABLE `projects_trackers` (
  `project_id` int(11) NOT NULL DEFAULT '0',
  `tracker_id` int(11) NOT NULL DEFAULT '0',
  UNIQUE KEY `projects_trackers_unique` (`project_id`,`tracker_id`),
  KEY `projects_trackers_project_id` (`project_id`)
) ENGINE=InnoDB DEFAULT CHARSET=utf8;
/*!40101 SET character_set_client = @saved_cs_client */;

--
-- Dumping data for table `projects_trackers`
--

LOCK TABLES `projects_trackers` WRITE;
/*!40000 ALTER TABLE `projects_trackers` DISABLE KEYS */;
INSERT INTO `projects_trackers` VALUES (1,1),(1,2),(1,3),(1,5),(2,1),(2,2),(2,3),(2,5),(3,4),(3,5),(4,1),(4,2),(4,3),(4,4),(4,5);
/*!40000 ALTER TABLE `projects_trackers` ENABLE KEYS */;
UNLOCK TABLES;

--
-- Table structure for table `queries`
--

DROP TABLE IF EXISTS `queries`;
/*!40101 SET @saved_cs_client     = @@character_set_client */;
/*!40101 SET character_set_client = utf8 */;
CREATE TABLE `queries` (
  `id` int(11) NOT NULL AUTO_INCREMENT,
  `project_id` int(11) DEFAULT NULL,
  `name` varchar(255) NOT NULL DEFAULT '',
  `filters` mediumtext,
  `user_id` int(11) NOT NULL DEFAULT '0',
  `column_names` mediumtext,
  `sort_criteria` mediumtext,
  `group_by` varchar(255) DEFAULT NULL,
  `type` varchar(255) DEFAULT NULL,
  `visibility` int(11) DEFAULT '0',
  `options` mediumtext,
  PRIMARY KEY (`id`),
  KEY `index_queries_on_project_id` (`project_id`),
  KEY `index_queries_on_user_id` (`user_id`)
) ENGINE=InnoDB DEFAULT CHARSET=utf8;
/*!40101 SET character_set_client = @saved_cs_client */;

--
-- Dumping data for table `queries`
--

LOCK TABLES `queries` WRITE;
/*!40000 ALTER TABLE `queries` DISABLE KEYS */;
/*!40000 ALTER TABLE `queries` ENABLE KEYS */;
UNLOCK TABLES;

--
-- Table structure for table `queries_roles`
--

DROP TABLE IF EXISTS `queries_roles`;
/*!40101 SET @saved_cs_client     = @@character_set_client */;
/*!40101 SET character_set_client = utf8 */;
CREATE TABLE `queries_roles` (
  `query_id` int(11) NOT NULL,
  `role_id` int(11) NOT NULL,
  UNIQUE KEY `queries_roles_ids` (`query_id`,`role_id`)
) ENGINE=InnoDB DEFAULT CHARSET=utf8;
/*!40101 SET character_set_client = @saved_cs_client */;

--
-- Dumping data for table `queries_roles`
--

LOCK TABLES `queries_roles` WRITE;
/*!40000 ALTER TABLE `queries_roles` DISABLE KEYS */;
/*!40000 ALTER TABLE `queries_roles` ENABLE KEYS */;
UNLOCK TABLES;

--
-- Table structure for table `repositories`
--

DROP TABLE IF EXISTS `repositories`;
/*!40101 SET @saved_cs_client     = @@character_set_client */;
/*!40101 SET character_set_client = utf8 */;
CREATE TABLE `repositories` (
  `id` int(11) NOT NULL AUTO_INCREMENT,
  `project_id` int(11) NOT NULL DEFAULT '0',
  `url` varchar(255) NOT NULL DEFAULT '',
  `login` varchar(60) DEFAULT '',
  `password` varchar(255) DEFAULT '',
  `root_url` varchar(255) DEFAULT '',
  `type` varchar(255) DEFAULT NULL,
  `path_encoding` varchar(64) DEFAULT NULL,
  `log_encoding` varchar(64) DEFAULT NULL,
  `extra_info` mediumtext,
  `identifier` varchar(255) DEFAULT NULL,
  `is_default` tinyint(1) DEFAULT '0',
  `created_on` datetime DEFAULT NULL,
  PRIMARY KEY (`id`),
  KEY `index_repositories_on_project_id` (`project_id`)
) ENGINE=InnoDB DEFAULT CHARSET=utf8;
/*!40101 SET character_set_client = @saved_cs_client */;

--
-- Dumping data for table `repositories`
--

LOCK TABLES `repositories` WRITE;
/*!40000 ALTER TABLE `repositories` DISABLE KEYS */;
/*!40000 ALTER TABLE `repositories` ENABLE KEYS */;
UNLOCK TABLES;

--
-- Table structure for table `roles`
--

DROP TABLE IF EXISTS `roles`;
/*!40101 SET @saved_cs_client     = @@character_set_client */;
/*!40101 SET character_set_client = utf8 */;
CREATE TABLE `roles` (
  `id` int(11) NOT NULL AUTO_INCREMENT,
  `name` varchar(30) NOT NULL DEFAULT '',
  `position` int(11) DEFAULT '1',
  `assignable` tinyint(1) DEFAULT '1',
  `builtin` int(11) NOT NULL DEFAULT '0',
  `permissions` mediumtext,
  `issues_visibility` varchar(30) NOT NULL DEFAULT 'default',
  PRIMARY KEY (`id`)
) ENGINE=InnoDB AUTO_INCREMENT=7 DEFAULT CHARSET=utf8;
/*!40101 SET character_set_client = @saved_cs_client */;

--
-- Dumping data for table `roles`
--

LOCK TABLES `roles` WRITE;
/*!40000 ALTER TABLE `roles` DISABLE KEYS */;
INSERT INTO `roles` VALUES (1,'Non member',1,1,1,'---\n- :view_issues\n- :add_issues\n- :add_issue_notes\n- :save_queries\n- :view_gantt\n- :view_calendar\n- :view_time_entries\n- :comment_news\n- :view_documents\n- :view_wiki_pages\n- :view_wiki_edits\n- :add_messages\n- :view_files\n- :browse_repository\n- :view_changesets\n','default'),(2,'Anonymous',2,1,2,'---\n- :view_issues\n- :view_gantt\n- :view_calendar\n- :view_time_entries\n- :view_documents\n- :view_wiki_pages\n- :view_wiki_edits\n- :view_files\n- :browse_repository\n- :view_changesets\n','default'),(3,'Manager',3,1,0,'---\n- :add_project\n- :edit_project\n- :close_project\n- :select_project_modules\n- :manage_members\n- :manage_versions\n- :add_subprojects\n- :manage_categories\n- :view_issues\n- :add_issues\n- :edit_issues\n- :manage_issue_relations\n- :manage_subtasks\n- :set_issues_private\n- :set_own_issues_private\n- :add_issue_notes\n- :edit_issue_notes\n- :edit_own_issue_notes\n- :view_private_notes\n- :set_notes_private\n- :move_issues\n- :delete_issues\n- :manage_public_queries\n- :save_queries\n- :view_issue_watchers\n- :add_issue_watchers\n- :delete_issue_watchers\n- :log_time\n- :view_time_entries\n- :edit_time_entries\n- :edit_own_time_entries\n- :manage_project_activities\n- :manage_news\n- :comment_news\n- :add_documents\n- :edit_documents\n- :delete_documents\n- :view_documents\n- :manage_files\n- :view_files\n- :manage_wiki\n- :rename_wiki_pages\n- :delete_wiki_pages\n- :view_wiki_pages\n- :export_wiki_pages\n- :view_wiki_edits\n- :edit_wiki_pages\n- :delete_wiki_pages_attachments\n- :protect_wiki_pages\n- :manage_repository\n- :browse_repository\n- :view_changesets\n- :commit_access\n- :manage_related_issues\n- :manage_boards\n- :add_messages\n- :edit_messages\n- :edit_own_messages\n- :delete_messages\n- :delete_own_messages\n- :view_calendar\n- :view_gantt\n','all'),(4,'Developer',4,1,0,'---\n- :manage_versions\n- :manage_categories\n- :view_issues\n- :add_issues\n- :edit_issues\n- :view_private_notes\n- :set_notes_private\n- :manage_issue_relations\n- :manage_subtasks\n- :add_issue_notes\n- :save_queries\n- :view_gantt\n- :view_calendar\n- :log_time\n- :view_time_entries\n- :comment_news\n- :view_documents\n- :view_wiki_pages\n- :view_wiki_edits\n- :edit_wiki_pages\n- :delete_wiki_pages\n- :add_messages\n- :edit_own_messages\n- :view_files\n- :manage_files\n- :browse_repository\n- :view_changesets\n- :commit_access\n- :manage_related_issues\n','default'),(5,'Reporter',5,1,0,'---\n- :view_issues\n- :add_issues\n- :add_issue_notes\n- :save_queries\n- :view_gantt\n- :view_calendar\n- :log_time\n- :view_time_entries\n- :comment_news\n- :view_documents\n- :view_wiki_pages\n- :view_wiki_edits\n- :add_messages\n- :edit_own_messages\n- :view_files\n- :browse_repository\n- :view_changesets\n','default'),(6,'Marketing Team',6,1,0,'---\n- :select_project_modules\n- :add_subprojects\n- :view_calendar\n- :edit_documents\n- :view_documents\n- :manage_files\n- :view_files\n- :view_gantt\n- :view_issues\n- :add_issues\n- :add_issue_notes\n- :edit_own_issue_notes\n- :save_queries\n- :comment_news\n- :browse_repository\n- :view_changesets\n- :log_time\n- :view_time_entries\n- :view_wiki_pages\n','default');
/*!40000 ALTER TABLE `roles` ENABLE KEYS */;
UNLOCK TABLES;

--
-- Table structure for table `schema_migrations`
--

DROP TABLE IF EXISTS `schema_migrations`;
/*!40101 SET @saved_cs_client     = @@character_set_client */;
/*!40101 SET character_set_client = utf8 */;
CREATE TABLE `schema_migrations` (
  `version` varchar(255) NOT NULL,
  UNIQUE KEY `unique_schema_migrations` (`version`)
) ENGINE=InnoDB DEFAULT CHARSET=utf8;
/*!40101 SET character_set_client = @saved_cs_client */;

--
-- Dumping data for table `schema_migrations`
--

LOCK TABLES `schema_migrations` WRITE;
/*!40000 ALTER TABLE `schema_migrations` DISABLE KEYS */;
INSERT INTO `schema_migrations` VALUES ('1'),('10'),('100'),('101'),('102'),('103'),('104'),('105'),('106'),('107'),('108'),('11'),('12'),('13'),('14'),('15'),('16'),('17'),('18'),('19'),('2'),('20'),('20090214190337'),('20090312172426'),('20090312194159'),('20090318181151'),('20090323224724'),('20090401221305'),('20090401231134'),('20090403001910'),('20090406161854'),('20090425161243'),('20090503121501'),('20090503121505'),('20090503121510'),('20090614091200'),('20090704172350'),('20090704172355'),('20090704172358'),('20091010093521'),('20091017212227'),('20091017212457'),('20091017212644'),('20091017212938'),('20091017213027'),('20091017213113'),('20091017213151'),('20091017213228'),('20091017213257'),('20091017213332'),('20091017213444'),('20091017213536'),('20091017213642'),('20091017213716'),('20091017213757'),('20091017213835'),('20091017213910'),('20091017214015'),('20091017214107'),('20091017214136'),('20091017214236'),('20091017214308'),('20091017214336'),('20091017214406'),('20091017214440'),('20091017214519'),('20091017214611'),('20091017214644'),('20091017214720'),('20091017214750'),('20091025163651'),('20091108092559'),('20091114105931'),('20091123212029'),('20091205124427'),('20091220183509'),('20091220183727'),('20091220184736'),('20091225164732'),('20091227112908'),('20100129193402'),('20100129193813'),('20100221100219'),('20100313132032'),('20100313171051'),('20100705164950'),('20100819172912'),('20101104182107'),('20101107130441'),('20101114115114'),('20101114115359'),('20110220160626'),('20110223180944'),('20110223180953'),('20110224000000'),('20110226120112'),('20110226120132'),('20110227125750'),('20110228000000'),('20110228000100'),('20110401192910'),('20110408103312'),('20110412065600'),('20110511000000'),('20110902000000'),('20111201201315'),('20120115143024'),('20120115143100'),('20120115143126'),('20120127174243'),('20120205111326'),('20120223110929'),('20120301153455'),('20120422150750'),('20120705074331'),('20120707064544'),('20120714122000'),('20120714122100'),('20120714122200'),('20120731164049'),('20120930112914'),('20121026002032'),('20121026003537'),('20121209123234'),('20121209123358'),('20121213084931'),('20130110122628'),('20130201184705'),('20130202090625'),('20130207175206'),('20130207181455'),('20130215073721'),('20130215111127'),('20130215111141'),('20130217094251'),('20130602092539'),('20130710182539'),('20130713104233'),('20130713111657'),('20130729070143'),('20130911193200'),('20131004113137'),('20131005100610'),('20131124175346'),('20131210180802'),('20131214094309'),('20131215104612'),('20131218183023'),('20140228130325'),('21'),('22'),('23'),('24'),('25'),('26'),('27'),('28'),('29'),('3'),('30'),('31'),('32'),('33'),('34'),('35'),('36'),('37'),('38'),('39'),('4'),('40'),('41'),('42'),('43'),('44'),('45'),('46'),('47'),('48'),('49'),('5'),('50'),('51'),('52'),('53'),('54'),('55'),('56'),('57'),('58'),('59'),('6'),('60'),('61'),('62'),('63'),('64'),('65'),('66'),('67'),('68'),('69'),('7'),('70'),('71'),('72'),('73'),('74'),('75'),('76'),('77'),('78'),('79'),('8'),('80'),('81'),('82'),('83'),('84'),('85'),('86'),('87'),('88'),('89'),('9'),('90'),('91'),('92'),('93'),('94'),('95'),('96'),('97'),('98'),('99');
/*!40000 ALTER TABLE `schema_migrations` ENABLE KEYS */;
UNLOCK TABLES;

--
-- Table structure for table `settings`
--

DROP TABLE IF EXISTS `settings`;
/*!40101 SET @saved_cs_client     = @@character_set_client */;
/*!40101 SET character_set_client = utf8 */;
CREATE TABLE `settings` (
  `id` int(11) NOT NULL AUTO_INCREMENT,
  `name` varchar(255) NOT NULL DEFAULT '',
  `value` mediumtext,
  `updated_on` datetime DEFAULT NULL,
  PRIMARY KEY (`id`),
  KEY `index_settings_on_name` (`name`)
) ENGINE=InnoDB AUTO_INCREMENT=53 DEFAULT CHARSET=utf8;
/*!40101 SET character_set_client = @saved_cs_client */;

--
-- Dumping data for table `settings`
--

LOCK TABLES `settings` WRITE;
/*!40000 ALTER TABLE `settings` DISABLE KEYS */;
INSERT INTO `settings` VALUES (1,'ui_theme','','2015-06-13 12:41:16'),(2,'default_language','en','2015-06-13 12:41:16'),(3,'force_default_language_for_anonymous','1','2015-06-15 16:37:33'),(4,'force_default_language_for_loggedin','1','2015-06-13 14:56:15'),(5,'start_of_week','7','2015-06-13 12:41:16'),(6,'date_format','%d %B %Y','2015-06-13 12:41:16'),(7,'time_format','%I:%M %p','2015-06-13 12:41:16'),(8,'user_format','firstname_lastname','2015-06-13 12:41:16'),(9,'gravatar_enabled','1','2015-06-13 12:41:16'),(10,'gravatar_default','retro','2015-06-13 12:41:16'),(11,'thumbnails_enabled','1','2015-06-13 12:41:16'),(12,'thumbnails_size','100','2015-06-13 12:41:16'),(13,'default_projects_public','0','2015-06-13 14:56:52'),(14,'default_projects_modules','---\n- issue_tracking\n- time_tracking\n- news\n- documents\n- files\n- wiki\n- repository\n- boards\n- calendar\n- gantt\n','2015-06-13 12:41:41'),(15,'default_projects_tracker_ids','---\n- \'1\'\n- \'2\'\n- \'3\'\n','2015-06-13 12:41:41'),(16,'sequential_project_identifiers','0','2015-06-13 12:41:41'),(17,'new_project_user_role_id','5','2015-06-13 12:41:41'),(18,'cross_project_issue_relations','1','2015-06-13 12:42:08'),(19,'cross_project_subtasks','tree','2015-06-13 12:42:08'),(20,'issue_group_assignment','0','2015-06-13 12:42:08'),(21,'default_issue_start_date_to_creation_date','1','2015-06-13 12:42:08'),(22,'display_subprojects_issues','1','2015-06-13 12:42:08'),(23,'issue_done_ratio','issue_field','2015-06-13 12:42:08'),(24,'non_working_week_days','---\n- \'6\'\n- \'7\'\n','2015-06-13 12:42:08'),(25,'issues_export_limit','500','2015-06-13 12:42:08'),(26,'gantt_items_limit','500','2015-06-13 12:42:08'),(27,'issue_list_default_columns','---\n- tracker\n- status\n- priority\n- subject\n- assigned_to\n- updated_on\n- project\n- parent\n- author\n- category\n- fixed_version\n- start_date\n- due_date\n- estimated_hours\n- spent_hours\n- done_ratio\n- created_on\n- closed_on\n- relations\n- is_private\n','2015-06-13 12:42:08'),(28,'app_title','One Nation Empire','2015-06-15 16:37:19'),(29,'welcome_text','http://104.236.211.157 <- Click to go to the prototype site.','2015-06-30 15:22:43'),(30,'attachment_max_size','10120','2015-06-13 14:55:55'),(31,'per_page_options','25,50,100','2015-06-13 13:03:03'),(32,'activity_days_default','30','2015-06-13 13:03:03'),(33,'host_name','localhost:3000','2015-06-13 13:03:03'),(34,'protocol','http','2015-06-13 13:03:03'),(35,'text_formatting','textile','2015-06-13 13:03:03'),(36,'cache_formatted_text','0','2015-06-13 13:03:03'),(37,'wiki_compression','','2015-06-13 13:03:03'),(38,'feeds_limit','15','2015-06-13 13:03:03'),(39,'file_max_size_displayed','512','2015-06-13 13:03:03'),(40,'diff_max_lines_displayed','1500','2015-06-13 13:03:03'),(41,'repositories_encodings','','2015-06-13 13:03:03'),(42,'login_required','1','2015-06-13 14:56:36'),(43,'autologin','0','2015-06-13 14:56:36'),(44,'self_registration','1','2015-06-14 01:34:59'),(45,'unsubscribe','1','2015-06-13 14:56:36'),(46,'password_min_length','8','2015-06-13 14:56:36'),(47,'lost_password','1','2015-06-13 14:56:36'),(48,'openid','0','2015-06-13 14:56:36'),(49,'rest_api_enabled','0','2015-06-13 14:56:36'),(50,'jsonp_enabled','0','2015-06-13 14:56:36'),(51,'session_lifetime','0','2015-06-13 14:56:36'),(52,'session_timeout','0','2015-06-13 14:56:36');
/*!40000 ALTER TABLE `settings` ENABLE KEYS */;
UNLOCK TABLES;

--
-- Table structure for table `time_entries`
--

DROP TABLE IF EXISTS `time_entries`;
/*!40101 SET @saved_cs_client     = @@character_set_client */;
/*!40101 SET character_set_client = utf8 */;
CREATE TABLE `time_entries` (
  `id` int(11) NOT NULL AUTO_INCREMENT,
  `project_id` int(11) NOT NULL,
  `user_id` int(11) NOT NULL,
  `issue_id` int(11) DEFAULT NULL,
  `hours` float NOT NULL,
  `comments` varchar(255) DEFAULT NULL,
  `activity_id` int(11) NOT NULL,
  `spent_on` date NOT NULL,
  `tyear` int(11) NOT NULL,
  `tmonth` int(11) NOT NULL,
  `tweek` int(11) NOT NULL,
  `created_on` datetime NOT NULL,
  `updated_on` datetime NOT NULL,
  PRIMARY KEY (`id`),
  KEY `time_entries_project_id` (`project_id`),
  KEY `time_entries_issue_id` (`issue_id`),
  KEY `index_time_entries_on_activity_id` (`activity_id`),
  KEY `index_time_entries_on_user_id` (`user_id`),
  KEY `index_time_entries_on_created_on` (`created_on`)
) ENGINE=InnoDB AUTO_INCREMENT=5 DEFAULT CHARSET=utf8;
/*!40101 SET character_set_client = @saved_cs_client */;

--
-- Dumping data for table `time_entries`
--

LOCK TABLES `time_entries` WRITE;
/*!40000 ALTER TABLE `time_entries` DISABLE KEYS */;
INSERT INTO `time_entries` VALUES (1,2,6,3,1,'The server saved the info and task well. nothing changed',11,'2015-06-28',2015,6,26,'2015-06-28 13:42:39','2015-06-28 13:42:39'),(2,2,6,3,1,'Everything done what i wanted to test. ',11,'2015-06-28',2015,6,26,'2015-06-28 13:46:18','2015-06-28 13:46:18'),(3,3,6,5,1,'working now',11,'2015-06-28',2015,6,26,'2015-06-28 14:14:39','2015-06-28 14:14:39'),(4,3,6,5,1,'Everything done what i wanted to test.',11,'2015-06-28',2015,6,26,'2015-06-28 14:15:41','2015-06-28 14:15:41');
/*!40000 ALTER TABLE `time_entries` ENABLE KEYS */;
UNLOCK TABLES;

--
-- Table structure for table `tokens`
--

DROP TABLE IF EXISTS `tokens`;
/*!40101 SET @saved_cs_client     = @@character_set_client */;
/*!40101 SET character_set_client = utf8 */;
CREATE TABLE `tokens` (
  `id` int(11) NOT NULL AUTO_INCREMENT,
  `user_id` int(11) NOT NULL DEFAULT '0',
  `action` varchar(30) NOT NULL DEFAULT '',
  `value` varchar(40) NOT NULL DEFAULT '',
  `created_on` datetime NOT NULL,
  PRIMARY KEY (`id`),
  UNIQUE KEY `tokens_value` (`value`),
  KEY `index_tokens_on_user_id` (`user_id`)
) ENGINE=InnoDB AUTO_INCREMENT=8 DEFAULT CHARSET=utf8;
/*!40101 SET character_set_client = @saved_cs_client */;

--
-- Dumping data for table `tokens`
--

LOCK TABLES `tokens` WRITE;
/*!40000 ALTER TABLE `tokens` DISABLE KEYS */;
INSERT INTO `tokens` VALUES (1,1,'feeds','97a4d5427a69efd744516f48628b85c29a066e57','2015-06-13 12:36:47'),(2,7,'feeds','6d9acc8f328c328cd26b3c8b717c34ac71844c3d','2015-06-13 14:28:07'),(3,6,'feeds','098c7461414b0f9b37bfca93ad0317b5f34cc374','2015-06-13 14:28:54'),(6,12,'feeds','446e43738f1373bb5c3ebc05751e4f42ec9aacd7','2015-06-28 14:45:49'),(7,12,'recovery','34eb82d09257a0208b2c467006f852d55c641427','2015-07-01 01:46:20');
/*!40000 ALTER TABLE `tokens` ENABLE KEYS */;
UNLOCK TABLES;

--
-- Table structure for table `trackers`
--

DROP TABLE IF EXISTS `trackers`;
/*!40101 SET @saved_cs_client     = @@character_set_client */;
/*!40101 SET character_set_client = utf8 */;
CREATE TABLE `trackers` (
  `id` int(11) NOT NULL AUTO_INCREMENT,
  `name` varchar(30) NOT NULL DEFAULT '',
  `is_in_chlog` tinyint(1) NOT NULL DEFAULT '0',
  `position` int(11) DEFAULT '1',
  `is_in_roadmap` tinyint(1) NOT NULL DEFAULT '1',
  `fields_bits` int(11) DEFAULT '0',
  PRIMARY KEY (`id`)
) ENGINE=InnoDB AUTO_INCREMENT=6 DEFAULT CHARSET=utf8;
/*!40101 SET character_set_client = @saved_cs_client */;

--
-- Dumping data for table `trackers`
--

LOCK TABLES `trackers` WRITE;
/*!40000 ALTER TABLE `trackers` DISABLE KEYS */;
INSERT INTO `trackers` VALUES (1,'Bug',1,1,0,0),(2,'Feature',1,2,1,0),(3,'Support',0,3,0,0),(4,'Redmine Feature',0,4,1,0),(5,'Task',0,5,1,0);
/*!40000 ALTER TABLE `trackers` ENABLE KEYS */;
UNLOCK TABLES;

--
-- Table structure for table `user_preferences`
--

DROP TABLE IF EXISTS `user_preferences`;
/*!40101 SET @saved_cs_client     = @@character_set_client */;
/*!40101 SET character_set_client = utf8 */;
CREATE TABLE `user_preferences` (
  `id` int(11) NOT NULL AUTO_INCREMENT,
  `user_id` int(11) NOT NULL DEFAULT '0',
  `others` mediumtext,
  `hide_mail` tinyint(1) DEFAULT '0',
  `time_zone` varchar(255) DEFAULT NULL,
  PRIMARY KEY (`id`),
  KEY `index_user_preferences_on_user_id` (`user_id`)
) ENGINE=InnoDB AUTO_INCREMENT=11 DEFAULT CHARSET=utf8;
/*!40101 SET character_set_client = @saved_cs_client */;

--
-- Dumping data for table `user_preferences`
--

LOCK TABLES `user_preferences` WRITE;
/*!40000 ALTER TABLE `user_preferences` DISABLE KEYS */;
INSERT INTO `user_preferences` VALUES (1,1,'---\n:no_self_notified: \'0\'\n:comments_sorting: asc\n:warn_on_leaving_unsaved: \'1\'\n:my_page_layout:\n  top:\n  - calendar\n  - issuesreportedbyme\n  left:\n  - issuesassignedtome\n  - documents\n  right:\n  - issueswatched\n  - timelog\n:gantt_zoom: 2\n:gantt_months: 6\n',0,'Pretoria'),(3,6,'---\n:no_self_notified: \'0\'\n:comments_sorting: asc\n:warn_on_leaving_unsaved: \'1\'\n:gantt_zoom: 2\n:gantt_months: 6\n',0,'Pretoria'),(4,7,'---\n:gantt_zoom: 2\n:gantt_months: 6\n',0,NULL),(5,8,'--- {}\n',0,NULL),(6,9,'--- {}\n',0,NULL),(7,10,'--- {}\n',0,NULL),(8,11,'--- {}\n',0,NULL),(9,12,'---\n:no_self_notified: \'0\'\n:comments_sorting: asc\n:warn_on_leaving_unsaved: \'1\'\n',0,'Harare');
/*!40000 ALTER TABLE `user_preferences` ENABLE KEYS */;
UNLOCK TABLES;

--
-- Table structure for table `users`
--

DROP TABLE IF EXISTS `users`;
/*!40101 SET @saved_cs_client     = @@character_set_client */;
/*!40101 SET character_set_client = utf8 */;
CREATE TABLE `users` (
  `id` int(11) NOT NULL AUTO_INCREMENT,
  `login` varchar(255) NOT NULL DEFAULT '',
  `hashed_password` varchar(40) NOT NULL DEFAULT '',
  `firstname` varchar(30) NOT NULL DEFAULT '',
  `lastname` varchar(255) NOT NULL DEFAULT '',
  `mail` varchar(60) NOT NULL DEFAULT '',
  `admin` tinyint(1) NOT NULL DEFAULT '0',
  `status` int(11) NOT NULL DEFAULT '1',
  `last_login_on` datetime DEFAULT NULL,
  `language` varchar(5) DEFAULT '',
  `auth_source_id` int(11) DEFAULT NULL,
  `created_on` datetime DEFAULT NULL,
  `updated_on` datetime DEFAULT NULL,
  `type` varchar(255) DEFAULT NULL,
  `identity_url` varchar(255) DEFAULT NULL,
  `mail_notification` varchar(255) NOT NULL DEFAULT '',
  `salt` varchar(64) DEFAULT NULL,
  `must_change_passwd` tinyint(1) NOT NULL DEFAULT '0',
  PRIMARY KEY (`id`),
  KEY `index_users_on_id_and_type` (`id`,`type`),
  KEY `index_users_on_auth_source_id` (`auth_source_id`),
  KEY `index_users_on_type` (`type`)
) ENGINE=InnoDB AUTO_INCREMENT=14 DEFAULT CHARSET=utf8;
/*!40101 SET character_set_client = @saved_cs_client */;

--
-- Dumping data for table `users`
--

LOCK TABLES `users` WRITE;
/*!40000 ALTER TABLE `users` DISABLE KEYS */;
INSERT INTO `users` VALUES (1,'kwekuq','0787048af4893a382367d8f433e6a29e36db8a25','Kweku','Quansah','kwekuq@gmail.com',1,1,'2015-07-02 12:58:42','',NULL,'2015-06-13 12:02:22','2015-06-13 12:39:46','User',NULL,'all','e9b2b0270ba168383841288ce0adf6c9',0),(2,'','','','Anonymous','',0,0,NULL,'',NULL,'2015-06-13 12:28:36','2015-06-13 12:28:36','AnonymousUser',NULL,'only_my_events',NULL,0),(4,'','','','Testers','',0,1,NULL,'',NULL,'2015-06-13 12:43:46','2015-06-13 12:43:46','Group',NULL,'',NULL,0),(5,'','','','Admin','',0,1,NULL,'',NULL,'2015-06-13 12:43:50','2015-06-13 12:43:50','Group',NULL,'',NULL,0),(6,'Gabriel','ee96d6aa1a030a3438b3b030b4a2c86a12e0ba6c','Gabriel','Groener','gabriel.groener@gmail.com',1,1,'2015-07-04 09:34:39','en',NULL,'2015-06-13 14:20:40','2015-06-28 14:12:51','User',NULL,'all','ad4b6d74550e6d25675ab2be03386615',0),(7,'Mfundo','0fdaa934614af8a2e9bb5e2021e2c777b8f13acd','Mfundo','Mbvundula','mfundolcm@gmail.com',0,1,'2015-07-08 05:31:19','en',NULL,'2015-06-13 14:22:54','2015-06-13 14:25:24','User',NULL,'only_my_events','07d46de892d0b7c334a33e50b292d0dd',0),(8,'Ishe','fb16169341232bbdec71328180a66e75b6b69c23','Ishe','Musakanya','sheamusa@gmail.com',0,1,NULL,'en',NULL,'2015-06-13 14:25:25','2015-06-13 14:33:09','User',NULL,'only_my_events','2ca289ece5496d36d198a93741511524',0),(9,'Sibonelele','c20210e009d54ed4b73bee7c8fb2b28bfa6fee69','Dan','Danisa','danisadan5@gmail.com',0,1,NULL,'en',NULL,'2015-06-13 14:33:14','2015-06-13 14:35:23','User',NULL,'only_my_events','6c8aefa3b3b98857e43d305d5e77ee55',0),(10,'Frank','0fc8f81c6b20554b439c6e95075f1653f241addf','Frank','Nyamahowa','tkmee.nyamz@gmail.com',0,1,NULL,'en',NULL,'2015-06-13 14:44:30','2015-06-13 14:52:58','User',NULL,'only_my_events','b71b54e38e31c2a596b48f17f0dc40a7',0),(11,'Munyaradzi','ba0d33636bc437a81373073f38e89581601c3c8b','Munyaradzi','Mwamuka','munyaradzimwamuka@gmail.com',0,1,NULL,'',NULL,'2015-06-13 15:20:01','2015-06-13 18:05:28','User',NULL,'only_my_events','21a48ce1ca8de2431df73a4e81b5b0c5',0),(12,'Kuda','759326fb071a220f8173eb74d31d6f73d668a38a','Kuda','Majonga','mjayflip@gmail.com',0,1,'2015-07-08 05:30:03','',NULL,'2015-06-13 21:57:42','2015-06-28 14:45:34','User',NULL,'all','7ffd5e80e39573c1aaf00fa7d37304c1',0);
/*!40000 ALTER TABLE `users` ENABLE KEYS */;
UNLOCK TABLES;

--
-- Table structure for table `versions`
--

DROP TABLE IF EXISTS `versions`;
/*!40101 SET @saved_cs_client     = @@character_set_client */;
/*!40101 SET character_set_client = utf8 */;
CREATE TABLE `versions` (
  `id` int(11) NOT NULL AUTO_INCREMENT,
  `project_id` int(11) NOT NULL DEFAULT '0',
  `name` varchar(255) NOT NULL DEFAULT '',
  `description` varchar(255) DEFAULT '',
  `effective_date` date DEFAULT NULL,
  `created_on` datetime DEFAULT NULL,
  `updated_on` datetime DEFAULT NULL,
  `wiki_page_title` varchar(255) DEFAULT NULL,
  `status` varchar(255) DEFAULT 'open',
  `sharing` varchar(255) NOT NULL DEFAULT 'none',
  PRIMARY KEY (`id`),
  KEY `versions_project_id` (`project_id`),
  KEY `index_versions_on_sharing` (`sharing`)
) ENGINE=InnoDB DEFAULT CHARSET=utf8;
/*!40101 SET character_set_client = @saved_cs_client */;

--
-- Dumping data for table `versions`
--

LOCK TABLES `versions` WRITE;
/*!40000 ALTER TABLE `versions` DISABLE KEYS */;
/*!40000 ALTER TABLE `versions` ENABLE KEYS */;
UNLOCK TABLES;

--
-- Table structure for table `watchers`
--

DROP TABLE IF EXISTS `watchers`;
/*!40101 SET @saved_cs_client     = @@character_set_client */;
/*!40101 SET character_set_client = utf8 */;
CREATE TABLE `watchers` (
  `id` int(11) NOT NULL AUTO_INCREMENT,
  `watchable_type` varchar(255) NOT NULL DEFAULT '',
  `watchable_id` int(11) NOT NULL DEFAULT '0',
  `user_id` int(11) DEFAULT NULL,
  PRIMARY KEY (`id`),
  KEY `watchers_user_id_type` (`user_id`,`watchable_type`),
  KEY `index_watchers_on_user_id` (`user_id`),
  KEY `index_watchers_on_watchable_id_and_watchable_type` (`watchable_id`,`watchable_type`)
) ENGINE=InnoDB AUTO_INCREMENT=30 DEFAULT CHARSET=utf8;
/*!40101 SET character_set_client = @saved_cs_client */;

--
-- Dumping data for table `watchers`
--

LOCK TABLES `watchers` WRITE;
/*!40000 ALTER TABLE `watchers` DISABLE KEYS */;
INSERT INTO `watchers` VALUES (1,'Issue',2,7),(2,'Issue',2,6),(3,'Issue',6,6),(4,'Issue',6,7),(5,'Issue',7,6),(6,'Issue',7,1),(7,'Issue',7,7),(8,'Issue',8,6),(9,'Issue',8,7),(10,'Issue',9,6),(11,'Issue',10,12),(12,'Issue',10,7),(14,'Issue',10,6),(23,'Issue',13,9),(24,'Issue',13,10),(25,'Issue',13,6),(26,'Issue',13,8),(27,'Issue',13,12),(28,'Issue',13,7),(29,'Issue',13,11);
/*!40000 ALTER TABLE `watchers` ENABLE KEYS */;
UNLOCK TABLES;

--
-- Table structure for table `wiki_content_versions`
--

DROP TABLE IF EXISTS `wiki_content_versions`;
/*!40101 SET @saved_cs_client     = @@character_set_client */;
/*!40101 SET character_set_client = utf8 */;
CREATE TABLE `wiki_content_versions` (
  `id` int(11) NOT NULL AUTO_INCREMENT,
  `wiki_content_id` int(11) NOT NULL,
  `page_id` int(11) NOT NULL,
  `author_id` int(11) DEFAULT NULL,
  `data` longblob,
  `compression` varchar(6) DEFAULT '',
  `comments` varchar(255) DEFAULT '',
  `updated_on` datetime NOT NULL,
  `version` int(11) NOT NULL,
  PRIMARY KEY (`id`),
  KEY `wiki_content_versions_wcid` (`wiki_content_id`),
  KEY `index_wiki_content_versions_on_updated_on` (`updated_on`)
) ENGINE=InnoDB DEFAULT CHARSET=utf8;
/*!40101 SET character_set_client = @saved_cs_client */;

--
-- Dumping data for table `wiki_content_versions`
--

LOCK TABLES `wiki_content_versions` WRITE;
/*!40000 ALTER TABLE `wiki_content_versions` DISABLE KEYS */;
/*!40000 ALTER TABLE `wiki_content_versions` ENABLE KEYS */;
UNLOCK TABLES;

--
-- Table structure for table `wiki_contents`
--

DROP TABLE IF EXISTS `wiki_contents`;
/*!40101 SET @saved_cs_client     = @@character_set_client */;
/*!40101 SET character_set_client = utf8 */;
CREATE TABLE `wiki_contents` (
  `id` int(11) NOT NULL AUTO_INCREMENT,
  `page_id` int(11) NOT NULL,
  `author_id` int(11) DEFAULT NULL,
  `text` longtext,
  `comments` varchar(255) DEFAULT '',
  `updated_on` datetime NOT NULL,
  `version` int(11) NOT NULL,
  PRIMARY KEY (`id`),
  KEY `wiki_contents_page_id` (`page_id`),
  KEY `index_wiki_contents_on_author_id` (`author_id`)
) ENGINE=InnoDB DEFAULT CHARSET=utf8;
/*!40101 SET character_set_client = @saved_cs_client */;

--
-- Dumping data for table `wiki_contents`
--

LOCK TABLES `wiki_contents` WRITE;
/*!40000 ALTER TABLE `wiki_contents` DISABLE KEYS */;
/*!40000 ALTER TABLE `wiki_contents` ENABLE KEYS */;
UNLOCK TABLES;

--
-- Table structure for table `wiki_pages`
--

DROP TABLE IF EXISTS `wiki_pages`;
/*!40101 SET @saved_cs_client     = @@character_set_client */;
/*!40101 SET character_set_client = utf8 */;
CREATE TABLE `wiki_pages` (
  `id` int(11) NOT NULL AUTO_INCREMENT,
  `wiki_id` int(11) NOT NULL,
  `title` varchar(255) NOT NULL,
  `created_on` datetime NOT NULL,
  `protected` tinyint(1) NOT NULL DEFAULT '0',
  `parent_id` int(11) DEFAULT NULL,
  PRIMARY KEY (`id`),
  KEY `wiki_pages_wiki_id_title` (`wiki_id`,`title`),
  KEY `index_wiki_pages_on_wiki_id` (`wiki_id`),
  KEY `index_wiki_pages_on_parent_id` (`parent_id`)
) ENGINE=InnoDB DEFAULT CHARSET=utf8;
/*!40101 SET character_set_client = @saved_cs_client */;

--
-- Dumping data for table `wiki_pages`
--

LOCK TABLES `wiki_pages` WRITE;
/*!40000 ALTER TABLE `wiki_pages` DISABLE KEYS */;
/*!40000 ALTER TABLE `wiki_pages` ENABLE KEYS */;
UNLOCK TABLES;

--
-- Table structure for table `wiki_redirects`
--

DROP TABLE IF EXISTS `wiki_redirects`;
/*!40101 SET @saved_cs_client     = @@character_set_client */;
/*!40101 SET character_set_client = utf8 */;
CREATE TABLE `wiki_redirects` (
  `id` int(11) NOT NULL AUTO_INCREMENT,
  `wiki_id` int(11) NOT NULL,
  `title` varchar(255) DEFAULT NULL,
  `redirects_to` varchar(255) DEFAULT NULL,
  `created_on` datetime NOT NULL,
  PRIMARY KEY (`id`),
  KEY `wiki_redirects_wiki_id_title` (`wiki_id`,`title`),
  KEY `index_wiki_redirects_on_wiki_id` (`wiki_id`)
) ENGINE=InnoDB DEFAULT CHARSET=utf8;
/*!40101 SET character_set_client = @saved_cs_client */;

--
-- Dumping data for table `wiki_redirects`
--

LOCK TABLES `wiki_redirects` WRITE;
/*!40000 ALTER TABLE `wiki_redirects` DISABLE KEYS */;
/*!40000 ALTER TABLE `wiki_redirects` ENABLE KEYS */;
UNLOCK TABLES;

--
-- Table structure for table `wikis`
--

DROP TABLE IF EXISTS `wikis`;
/*!40101 SET @saved_cs_client     = @@character_set_client */;
/*!40101 SET character_set_client = utf8 */;
CREATE TABLE `wikis` (
  `id` int(11) NOT NULL AUTO_INCREMENT,
  `project_id` int(11) NOT NULL,
  `start_page` varchar(255) NOT NULL,
  `status` int(11) NOT NULL DEFAULT '1',
  PRIMARY KEY (`id`),
  KEY `wikis_project_id` (`project_id`)
) ENGINE=InnoDB AUTO_INCREMENT=5 DEFAULT CHARSET=utf8;
/*!40101 SET character_set_client = @saved_cs_client */;

--
-- Dumping data for table `wikis`
--

LOCK TABLES `wikis` WRITE;
/*!40000 ALTER TABLE `wikis` DISABLE KEYS */;
INSERT INTO `wikis` VALUES (1,1,'Wiki',1),(2,2,'Wiki',1),(3,3,'Wiki',1),(4,4,'Wiki',1);
/*!40000 ALTER TABLE `wikis` ENABLE KEYS */;
UNLOCK TABLES;

--
-- Table structure for table `workflows`
--

DROP TABLE IF EXISTS `workflows`;
/*!40101 SET @saved_cs_client     = @@character_set_client */;
/*!40101 SET character_set_client = utf8 */;
CREATE TABLE `workflows` (
  `id` int(11) NOT NULL AUTO_INCREMENT,
  `tracker_id` int(11) NOT NULL DEFAULT '0',
  `old_status_id` int(11) NOT NULL DEFAULT '0',
  `new_status_id` int(11) NOT NULL DEFAULT '0',
  `role_id` int(11) NOT NULL DEFAULT '0',
  `assignee` tinyint(1) NOT NULL DEFAULT '0',
  `author` tinyint(1) NOT NULL DEFAULT '0',
  `type` varchar(30) DEFAULT NULL,
  `field_name` varchar(30) DEFAULT NULL,
  `rule` varchar(30) DEFAULT NULL,
  PRIMARY KEY (`id`),
  KEY `wkfs_role_tracker_old_status` (`role_id`,`tracker_id`,`old_status_id`),
  KEY `index_workflows_on_old_status_id` (`old_status_id`),
  KEY `index_workflows_on_role_id` (`role_id`),
  KEY `index_workflows_on_new_status_id` (`new_status_id`)
) ENGINE=InnoDB AUTO_INCREMENT=175 DEFAULT CHARSET=utf8;
/*!40101 SET character_set_client = @saved_cs_client */;

--
-- Dumping data for table `workflows`
--

LOCK TABLES `workflows` WRITE;
/*!40000 ALTER TABLE `workflows` DISABLE KEYS */;
INSERT INTO `workflows` VALUES (1,1,1,2,3,0,0,'WorkflowTransition',NULL,NULL),(2,1,1,3,3,0,0,'WorkflowTransition',NULL,NULL),(3,1,1,4,3,0,0,'WorkflowTransition',NULL,NULL),(4,1,1,5,3,0,0,'WorkflowTransition',NULL,NULL),(5,1,1,6,3,0,0,'WorkflowTransition',NULL,NULL),(6,1,2,1,3,0,0,'WorkflowTransition',NULL,NULL),(7,1,2,3,3,0,0,'WorkflowTransition',NULL,NULL),(8,1,2,4,3,0,0,'WorkflowTransition',NULL,NULL),(9,1,2,5,3,0,0,'WorkflowTransition',NULL,NULL),(10,1,2,6,3,0,0,'WorkflowTransition',NULL,NULL),(11,1,3,1,3,0,0,'WorkflowTransition',NULL,NULL),(12,1,3,2,3,0,0,'WorkflowTransition',NULL,NULL),(13,1,3,4,3,0,0,'WorkflowTransition',NULL,NULL),(14,1,3,5,3,0,0,'WorkflowTransition',NULL,NULL),(15,1,3,6,3,0,0,'WorkflowTransition',NULL,NULL),(16,1,4,1,3,0,0,'WorkflowTransition',NULL,NULL),(17,1,4,2,3,0,0,'WorkflowTransition',NULL,NULL),(18,1,4,3,3,0,0,'WorkflowTransition',NULL,NULL),(19,1,4,5,3,0,0,'WorkflowTransition',NULL,NULL),(20,1,4,6,3,0,0,'WorkflowTransition',NULL,NULL),(21,1,5,1,3,0,0,'WorkflowTransition',NULL,NULL),(22,1,5,2,3,0,0,'WorkflowTransition',NULL,NULL),(23,1,5,3,3,0,0,'WorkflowTransition',NULL,NULL),(24,1,5,4,3,0,0,'WorkflowTransition',NULL,NULL),(25,1,5,6,3,0,0,'WorkflowTransition',NULL,NULL),(26,1,6,1,3,0,0,'WorkflowTransition',NULL,NULL),(27,1,6,2,3,0,0,'WorkflowTransition',NULL,NULL),(28,1,6,3,3,0,0,'WorkflowTransition',NULL,NULL),(29,1,6,4,3,0,0,'WorkflowTransition',NULL,NULL),(30,1,6,5,3,0,0,'WorkflowTransition',NULL,NULL),(31,2,1,2,3,0,0,'WorkflowTransition',NULL,NULL),(32,2,1,3,3,0,0,'WorkflowTransition',NULL,NULL),(33,2,1,4,3,0,0,'WorkflowTransition',NULL,NULL),(34,2,1,5,3,0,0,'WorkflowTransition',NULL,NULL),(35,2,1,6,3,0,0,'WorkflowTransition',NULL,NULL),(36,2,2,1,3,0,0,'WorkflowTransition',NULL,NULL),(37,2,2,3,3,0,0,'WorkflowTransition',NULL,NULL),(38,2,2,4,3,0,0,'WorkflowTransition',NULL,NULL),(39,2,2,5,3,0,0,'WorkflowTransition',NULL,NULL),(40,2,2,6,3,0,0,'WorkflowTransition',NULL,NULL),(41,2,3,1,3,0,0,'WorkflowTransition',NULL,NULL),(42,2,3,2,3,0,0,'WorkflowTransition',NULL,NULL),(43,2,3,4,3,0,0,'WorkflowTransition',NULL,NULL),(44,2,3,5,3,0,0,'WorkflowTransition',NULL,NULL),(45,2,3,6,3,0,0,'WorkflowTransition',NULL,NULL),(46,2,4,1,3,0,0,'WorkflowTransition',NULL,NULL),(47,2,4,2,3,0,0,'WorkflowTransition',NULL,NULL),(48,2,4,3,3,0,0,'WorkflowTransition',NULL,NULL),(49,2,4,5,3,0,0,'WorkflowTransition',NULL,NULL),(50,2,4,6,3,0,0,'WorkflowTransition',NULL,NULL),(51,2,5,1,3,0,0,'WorkflowTransition',NULL,NULL),(52,2,5,2,3,0,0,'WorkflowTransition',NULL,NULL),(53,2,5,3,3,0,0,'WorkflowTransition',NULL,NULL),(54,2,5,4,3,0,0,'WorkflowTransition',NULL,NULL),(55,2,5,6,3,0,0,'WorkflowTransition',NULL,NULL),(56,2,6,1,3,0,0,'WorkflowTransition',NULL,NULL),(57,2,6,2,3,0,0,'WorkflowTransition',NULL,NULL),(58,2,6,3,3,0,0,'WorkflowTransition',NULL,NULL),(59,2,6,4,3,0,0,'WorkflowTransition',NULL,NULL),(60,2,6,5,3,0,0,'WorkflowTransition',NULL,NULL),(61,3,1,2,3,0,0,'WorkflowTransition',NULL,NULL),(62,3,1,3,3,0,0,'WorkflowTransition',NULL,NULL),(63,3,1,4,3,0,0,'WorkflowTransition',NULL,NULL),(64,3,1,5,3,0,0,'WorkflowTransition',NULL,NULL),(65,3,1,6,3,0,0,'WorkflowTransition',NULL,NULL),(66,3,2,1,3,0,0,'WorkflowTransition',NULL,NULL),(67,3,2,3,3,0,0,'WorkflowTransition',NULL,NULL),(68,3,2,4,3,0,0,'WorkflowTransition',NULL,NULL),(69,3,2,5,3,0,0,'WorkflowTransition',NULL,NULL),(70,3,2,6,3,0,0,'WorkflowTransition',NULL,NULL),(71,3,3,1,3,0,0,'WorkflowTransition',NULL,NULL),(72,3,3,2,3,0,0,'WorkflowTransition',NULL,NULL),(73,3,3,4,3,0,0,'WorkflowTransition',NULL,NULL),(74,3,3,5,3,0,0,'WorkflowTransition',NULL,NULL),(75,3,3,6,3,0,0,'WorkflowTransition',NULL,NULL),(76,3,4,1,3,0,0,'WorkflowTransition',NULL,NULL),(77,3,4,2,3,0,0,'WorkflowTransition',NULL,NULL),(78,3,4,3,3,0,0,'WorkflowTransition',NULL,NULL),(79,3,4,5,3,0,0,'WorkflowTransition',NULL,NULL),(80,3,4,6,3,0,0,'WorkflowTransition',NULL,NULL),(81,3,5,1,3,0,0,'WorkflowTransition',NULL,NULL),(82,3,5,2,3,0,0,'WorkflowTransition',NULL,NULL),(83,3,5,3,3,0,0,'WorkflowTransition',NULL,NULL),(84,3,5,4,3,0,0,'WorkflowTransition',NULL,NULL),(85,3,5,6,3,0,0,'WorkflowTransition',NULL,NULL),(86,3,6,1,3,0,0,'WorkflowTransition',NULL,NULL),(87,3,6,2,3,0,0,'WorkflowTransition',NULL,NULL),(88,3,6,3,3,0,0,'WorkflowTransition',NULL,NULL),(89,3,6,4,3,0,0,'WorkflowTransition',NULL,NULL),(90,3,6,5,3,0,0,'WorkflowTransition',NULL,NULL),(91,1,1,2,4,0,0,'WorkflowTransition',NULL,NULL),(92,1,1,3,4,0,0,'WorkflowTransition',NULL,NULL),(93,1,1,4,4,0,0,'WorkflowTransition',NULL,NULL),(94,1,1,5,4,0,0,'WorkflowTransition',NULL,NULL),(95,1,2,3,4,0,0,'WorkflowTransition',NULL,NULL),(96,1,2,4,4,0,0,'WorkflowTransition',NULL,NULL),(97,1,2,5,4,0,0,'WorkflowTransition',NULL,NULL),(98,1,3,2,4,0,0,'WorkflowTransition',NULL,NULL),(99,1,3,4,4,0,0,'WorkflowTransition',NULL,NULL),(100,1,3,5,4,0,0,'WorkflowTransition',NULL,NULL),(101,1,4,2,4,0,0,'WorkflowTransition',NULL,NULL),(102,1,4,3,4,0,0,'WorkflowTransition',NULL,NULL),(103,1,4,5,4,0,0,'WorkflowTransition',NULL,NULL),(104,2,1,2,4,0,0,'WorkflowTransition',NULL,NULL),(105,2,1,3,4,0,0,'WorkflowTransition',NULL,NULL),(106,2,1,4,4,0,0,'WorkflowTransition',NULL,NULL),(107,2,1,5,4,0,0,'WorkflowTransition',NULL,NULL),(108,2,2,3,4,0,0,'WorkflowTransition',NULL,NULL),(109,2,2,4,4,0,0,'WorkflowTransition',NULL,NULL),(110,2,2,5,4,0,0,'WorkflowTransition',NULL,NULL),(111,2,3,2,4,0,0,'WorkflowTransition',NULL,NULL),(112,2,3,4,4,0,0,'WorkflowTransition',NULL,NULL),(113,2,3,5,4,0,0,'WorkflowTransition',NULL,NULL),(114,2,4,2,4,0,0,'WorkflowTransition',NULL,NULL),(115,2,4,3,4,0,0,'WorkflowTransition',NULL,NULL),(116,2,4,5,4,0,0,'WorkflowTransition',NULL,NULL),(117,3,1,2,4,0,0,'WorkflowTransition',NULL,NULL),(118,3,1,3,4,0,0,'WorkflowTransition',NULL,NULL),(119,3,1,4,4,0,0,'WorkflowTransition',NULL,NULL),(120,3,1,5,4,0,0,'WorkflowTransition',NULL,NULL),(121,3,2,3,4,0,0,'WorkflowTransition',NULL,NULL),(122,3,2,4,4,0,0,'WorkflowTransition',NULL,NULL),(123,3,2,5,4,0,0,'WorkflowTransition',NULL,NULL),(124,3,3,2,4,0,0,'WorkflowTransition',NULL,NULL),(125,3,3,4,4,0,0,'WorkflowTransition',NULL,NULL),(126,3,3,5,4,0,0,'WorkflowTransition',NULL,NULL),(127,3,4,2,4,0,0,'WorkflowTransition',NULL,NULL),(128,3,4,3,4,0,0,'WorkflowTransition',NULL,NULL),(129,3,4,5,4,0,0,'WorkflowTransition',NULL,NULL),(130,1,1,5,5,0,0,'WorkflowTransition',NULL,NULL),(131,1,2,5,5,0,0,'WorkflowTransition',NULL,NULL),(132,1,3,5,5,0,0,'WorkflowTransition',NULL,NULL),(133,1,4,5,5,0,0,'WorkflowTransition',NULL,NULL),(134,1,3,4,5,0,0,'WorkflowTransition',NULL,NULL),(135,2,1,5,5,0,0,'WorkflowTransition',NULL,NULL),(136,2,2,5,5,0,0,'WorkflowTransition',NULL,NULL),(137,2,3,5,5,0,0,'WorkflowTransition',NULL,NULL),(138,2,4,5,5,0,0,'WorkflowTransition',NULL,NULL),(139,2,3,4,5,0,0,'WorkflowTransition',NULL,NULL),(140,3,1,5,5,0,0,'WorkflowTransition',NULL,NULL),(141,3,2,5,5,0,0,'WorkflowTransition',NULL,NULL),(142,3,3,5,5,0,0,'WorkflowTransition',NULL,NULL),(143,3,4,5,5,0,0,'WorkflowTransition',NULL,NULL),(144,3,3,4,5,0,0,'WorkflowTransition',NULL,NULL),(145,5,1,1,3,0,0,'WorkflowTransition',NULL,NULL),(146,5,1,2,3,0,0,'WorkflowTransition',NULL,NULL),(147,5,1,3,3,0,0,'WorkflowTransition',NULL,NULL),(148,5,1,4,3,0,0,'WorkflowTransition',NULL,NULL),(149,5,1,5,3,0,0,'WorkflowTransition',NULL,NULL),(150,5,2,1,3,0,0,'WorkflowTransition',NULL,NULL),(151,5,2,2,3,0,0,'WorkflowTransition',NULL,NULL),(152,5,2,3,3,0,0,'WorkflowTransition',NULL,NULL),(153,5,2,4,3,0,0,'WorkflowTransition',NULL,NULL),(154,5,2,5,3,0,0,'WorkflowTransition',NULL,NULL),(155,5,3,1,3,0,0,'WorkflowTransition',NULL,NULL),(156,5,3,2,3,0,0,'WorkflowTransition',NULL,NULL),(157,5,3,3,3,0,0,'WorkflowTransition',NULL,NULL),(158,5,3,4,3,0,0,'WorkflowTransition',NULL,NULL),(159,5,3,5,3,0,0,'WorkflowTransition',NULL,NULL),(160,5,4,1,3,0,0,'WorkflowTransition',NULL,NULL),(161,5,4,2,3,0,0,'WorkflowTransition',NULL,NULL),(162,5,4,3,3,0,0,'WorkflowTransition',NULL,NULL),(163,5,4,4,3,0,0,'WorkflowTransition',NULL,NULL),(164,5,4,5,3,0,0,'WorkflowTransition',NULL,NULL),(165,5,5,1,3,0,0,'WorkflowTransition',NULL,NULL),(166,5,5,2,3,0,0,'WorkflowTransition',NULL,NULL),(167,5,5,3,3,0,0,'WorkflowTransition',NULL,NULL),(168,5,5,4,3,0,0,'WorkflowTransition',NULL,NULL),(169,5,5,5,3,0,0,'WorkflowTransition',NULL,NULL),(170,5,6,1,3,0,0,'WorkflowTransition',NULL,NULL),(171,5,6,2,3,0,0,'WorkflowTransition',NULL,NULL),(172,5,6,3,3,0,0,'WorkflowTransition',NULL,NULL),(173,5,6,4,3,0,0,'WorkflowTransition',NULL,NULL),(174,5,6,5,3,0,0,'WorkflowTransition',NULL,NULL);
/*!40000 ALTER TABLE `workflows` ENABLE KEYS */;
UNLOCK TABLES;
/*!40103 SET TIME_ZONE=@OLD_TIME_ZONE */;

/*!40101 SET SQL_MODE=@OLD_SQL_MODE */;
/*!40014 SET FOREIGN_KEY_CHECKS=@OLD_FOREIGN_KEY_CHECKS */;
/*!40014 SET UNIQUE_CHECKS=@OLD_UNIQUE_CHECKS */;
/*!40101 SET CHARACTER_SET_CLIENT=@OLD_CHARACTER_SET_CLIENT */;
/*!40101 SET CHARACTER_SET_RESULTS=@OLD_CHARACTER_SET_RESULTS */;
/*!40101 SET COLLATION_CONNECTION=@OLD_COLLATION_CONNECTION */;
/*!40111 SET SQL_NOTES=@OLD_SQL_NOTES */;

-- Dump completed on 2015-07-13 22:05:46
